dn,y_obs,y_pred,prob_clsf,probT,model
1995-02-07 00:00:00,3.00,2.60,0.84,0.70,LSTM
1995-02-13 00:00:00,4.33,4.51,0.83,0.70,LSTM
1995-02-01 00:00:00,3.33,2.89,0.81,0.70,LSTM
1995-03-27 00:00:00,2.00,3.10,0.85,0.70,LSTM
1995-03-15 00:00:00,3.00,3.01,0.81,0.70,LSTM
1995-03-21 00:00:00,0.67,0.98,0.83,0.70,LSTM
1995-03-03 00:00:00,1.33,3.29,0.82,0.70,LSTM
1995-02-19 00:00:00,2.67,1.43,0.86,0.70,LSTM
1995-02-25 00:00:00,0.00,0.49,0.86,0.70,LSTM
1995-03-09 00:00:00,2.67,0.65,0.87,0.70,LSTM
1995-02-07 03:00:00,2.67,2.65,0.87,0.70,LSTM
1995-02-13 03:00:00,4.67,5.46,0.81,0.70,LSTM
1995-02-01 03:00:00,3.00,3.00,0.82,0.70,LSTM
1995-03-27 03:00:00,4.00,1.77,0.87,0.70,LSTM
1995-03-21 03:00:00,1.00,0.65,0.85,0.70,LSTM
1995-03-15 03:00:00,3.33,3.17,0.81,0.70,LSTM
1995-02-25 03:00:00,0.00,0.17,0.88,0.70,LSTM
1995-02-19 03:00:00,2.00,1.42,0.86,0.70,LSTM
1995-03-03 03:00:00,1.33,2.97,0.82,0.70,LSTM
1995-03-09 03:00:00,3.33,0.98,0.87,0.70,LSTM
1995-02-07 06:00:00,1.33,2.05,0.85,0.70,LSTM
1995-02-13 06:00:00,4.67,4.51,0.81,0.70,LSTM
1995-02-01 06:00:00,3.00,3.07,0.81,0.70,LSTM
1995-03-27 06:00:00,3.33,2.26,0.87,0.70,LSTM
1995-03-21 06:00:00,0.33,0.59,0.80,0.70,LSTM
1995-02-19 06:00:00,1.67,1.95,0.86,0.70,LSTM
1995-03-15 06:00:00,3.00,2.56,0.81,0.70,LSTM
1995-02-25 06:00:00,0.33,0.31,0.85,0.70,LSTM
1995-02-25 09:00:00,-1.00,-1.00,-1.00,0.70,LSTM
1995-03-03 06:00:00,1.00,1.48,0.81,0.70,LSTM
1995-03-09 06:00:00,1.67,1.48,0.85,0.70,LSTM
1995-02-07 09:00:00,1.00,2.04,0.86,0.70,LSTM
1995-02-13 09:00:00,5.67,4.22,0.82,0.70,LSTM
1995-02-01 09:00:00,3.00,2.85,0.81,0.70,LSTM
1995-03-27 09:00:00,4.00,2.76,0.82,0.70,LSTM
1995-03-21 09:00:00,0.33,0.03,0.81,0.70,LSTM
1995-02-19 09:00:00,1.00,1.85,0.81,0.70,LSTM
1995-03-15 09:00:00,2.33,2.06,0.81,0.70,LSTM
1995-03-15 12:00:00,-1.00,-1.00,-1.00,0.70,LSTM
1995-02-25 12:00:00,0.33,0.06,0.85,0.70,LSTM
1995-03-03 09:00:00,1.00,1.55,0.81,0.70,LSTM
1995-03-09 09:00:00,2.00,1.65,0.81,0.70,LSTM
1995-02-07 12:00:00,1.33,1.44,0.83,0.70,LSTM
1995-02-13 12:00:00,4.67,4.35,0.81,0.70,LSTM
1995-02-01 12:00:00,3.00,2.62,0.82,0.70,LSTM
1995-03-27 12:00:00,3.33,3.10,0.83,0.70,LSTM
1995-02-19 12:00:00,1.33,1.40,0.81,0.70,LSTM
1995-03-15 15:00:00,3.00,1.62,0.82,0.70,LSTM
1995-02-25 15:00:00,0.33,0.38,0.88,0.70,LSTM
1995-03-21 12:00:00,0.33,-0.24,0.82,0.70,LSTM
1995-03-03 12:00:00,0.67,1.39,0.81,0.70,LSTM
1995-02-07 00:00:00,3.00,2.60,0.84,0.70,LSTM
1995-02-13 00:00:00,4.33,4.49,0.83,0.70,LSTM
1995-02-01 00:00:00,3.33,2.89,0.81,0.70,LSTM
1995-03-27 00:00:00,2.00,3.10,0.85,0.70,LSTM
1995-02-25 00:00:00,0.00,0.49,0.86,0.70,LSTM
1995-02-19 00:00:00,2.67,1.43,0.86,0.70,LSTM
1995-03-09 00:00:00,2.67,0.65,0.87,0.70,LSTM
1995-03-21 00:00:00,0.67,0.98,0.83,0.70,LSTM
1995-03-15 00:00:00,3.00,3.01,0.81,0.70,LSTM
1995-03-03 00:00:00,1.33,3.29,0.82,0.70,LSTM
1995-02-07 03:00:00,2.67,2.65,0.87,0.70,LSTM
1995-02-01 03:00:00,3.00,3.00,0.82,0.70,LSTM
1995-02-13 03:00:00,4.67,5.46,0.81,0.70,LSTM
1995-03-27 03:00:00,4.00,1.77,0.87,0.70,LSTM
1995-02-19 03:00:00,2.00,1.42,0.86,0.70,LSTM
1995-03-15 03:00:00,3.33,3.17,0.81,0.70,LSTM
1995-03-03 03:00:00,1.33,2.97,0.82,0.70,LSTM
1995-03-21 03:00:00,1.00,0.65,0.85,0.70,LSTM
1995-02-25 03:00:00,0.00,0.16,0.88,0.70,LSTM
1995-03-09 03:00:00,3.33,0.98,0.87,0.70,LSTM
1995-02-07 06:00:00,1.33,2.05,0.85,0.70,LSTM
1995-02-01 06:00:00,3.00,3.06,0.81,0.70,LSTM
1995-02-13 06:00:00,4.67,4.50,0.81,0.70,LSTM
1995-03-27 06:00:00,3.33,2.26,0.87,0.70,LSTM
1995-02-19 06:00:00,1.67,1.95,0.86,0.70,LSTM
1995-03-15 06:00:00,3.00,2.56,0.81,0.70,LSTM
1995-03-21 06:00:00,0.33,0.59,0.80,0.70,LSTM
1995-02-25 06:00:00,0.33,0.31,0.85,0.70,LSTM
1995-02-25 09:00:00,-1.00,-1.00,-1.00,0.70,LSTM
1995-03-03 06:00:00,1.00,1.48,0.81,0.70,LSTM
1995-03-09 06:00:00,1.67,1.48,0.85,0.70,LSTM
1995-02-07 09:00:00,1.00,2.04,0.86,0.70,LSTM
1995-02-01 09:00:00,3.00,2.85,0.81,0.70,LSTM
1995-02-13 09:00:00,5.67,4.22,0.82,0.70,LSTM
1995-03-27 09:00:00,4.00,2.76,0.82,0.70,LSTM
1995-02-19 09:00:00,1.00,1.85,0.81,0.70,LSTM
1995-03-15 09:00:00,2.33,2.06,0.81,0.70,LSTM
1995-03-15 12:00:00,-1.00,-1.00,-1.00,0.70,LSTM
1995-03-21 09:00:00,0.33,0.03,0.81,0.70,LSTM
1995-02-25 12:00:00,0.33,0.06,0.85,0.70,LSTM
1995-03-03 09:00:00,1.00,1.55,0.81,0.70,LSTM
1995-03-09 09:00:00,2.00,1.65,0.81,0.70,LSTM
1995-02-07 12:00:00,1.33,1.44,0.83,0.70,LSTM
1995-02-01 12:00:00,3.00,2.62,0.82,0.70,LSTM
1995-02-13 12:00:00,4.67,4.35,0.81,0.70,LSTM
1995-03-27 12:00:00,3.33,3.11,0.83,0.70,LSTM
1995-02-19 12:00:00,1.33,1.40,0.81,0.70,LSTM
1995-03-21 12:00:00,0.33,-0.24,0.82,0.70,LSTM
1995-03-15 15:00:00,3.00,1.62,0.82,0.70,LSTM
1995-02-25 15:00:00,0.33,0.38,0.88,0.70,LSTM
1995-03-03 12:00:00,0.67,1.39,0.81,0.70,LSTM
1995-02-07 15:00:00,1.33,0.40,0.84,0.70,LSTM
1995-03-09 12:00:00,2.33,2.13,0.87,0.70,LSTM
1995-02-01 15:00:00,3.33,2.44,0.81,0.70,LSTM
1995-02-13 15:00:00,3.33,3.97,0.81,0.70,LSTM
1995-03-27 15:00:00,3.67,2.91,0.85,0.70,LSTM
1995-03-27 18:00:00,-1.00,-1.00,-1.00,0.70,LSTM
1995-02-19 15:00:00,1.67,1.86,0.81,0.70,LSTM
1995-03-21 15:00:00,0.33,-0.01,0.82,0.70,LSTM
1995-03-15 18:00:00,3.33,2.19,0.82,0.70,LSTM
1995-02-25 18:00:00,0.33,0.19,0.87,0.70,LSTM
1995-02-07 18:00:00,4.67,0.80,0.81,0.70,LSTM
1995-03-03 15:00:00,1.33,1.14,0.81,0.70,LSTM
1995-03-09 15:00:00,5.00,2.46,0.85,0.70,LSTM
1995-02-01 18:00:00,2.00,2.72,0.81,0.70,LSTM
1995-02-13 18:00:00,4.33,3.80,0.82,0.70,LSTM
1995-03-27 21:00:00,3.67,2.95,0.90,0.70,LSTM
1995-02-19 18:00:00,2.33,1.71,0.81,0.70,LSTM
1995-03-21 18:00:00,0.33,0.67,0.82,0.70,LSTM
1995-02-07 21:00:00,4.00,1.08,0.84,0.70,LSTM
1995-03-15 21:00:00,3.33,2.58,0.81,0.70,LSTM
1995-02-25 21:00:00,1.67,-0.13,0.85,0.70,LSTM
1995-03-03 18:00:00,1.67,1.16,0.81,0.70,LSTM
1995-03-03 21:00:00,-1.00,-1.00,-1.00,0.70,LSTM
1995-03-09 18:00:00,4.33,2.94,0.85,0.70,LSTM
1995-02-01 21:00:00,3.33,2.93,0.81,0.70,LSTM
1995-02-13 21:00:00,5.33,3.15,0.81,0.70,LSTM
1995-03-28 00:00:00,3.33,2.94,0.87,0.70,LSTM
1995-02-08 00:00:00,5.33,2.36,0.81,0.70,LSTM
1995-02-19 21:00:00,1.67,1.39,0.81,0.70,LSTM
1995-03-21 21:00:00,0.33,0.58,0.84,0.70,LSTM
1995-03-16 00:00:00,3.33,3.35,0.82,0.70,LSTM
1995-02-26 00:00:00,3.00,0.15,0.86,0.70,LSTM
1995-03-04 00:00:00,1.33,0.96,0.82,0.70,LSTM
1995-02-02 00:00:00,4.00,2.47,0.81,0.70,LSTM
1995-03-09 21:00:00,5.33,4.34,0.83,0.70,LSTM
1995-02-14 00:00:00,4.00,3.33,0.80,0.70,LSTM
1995-03-28 03:00:00,3.33,3.26,0.88,0.70,LSTM
1995-02-08 03:00:00,5.00,3.55,0.81,0.70,LSTM
1995-02-20 00:00:00,2.33,1.62,0.81,0.70,LSTM
1995-03-22 00:00:00,1.00,0.75,0.81,0.70,LSTM
1995-03-16 03:00:00,3.00,2.80,0.82,0.70,LSTM
1995-02-26 03:00:00,4.00,1.40,0.87,0.70,LSTM
1995-02-02 03:00:00,4.00,2.73,0.82,0.70,LSTM
1995-03-04 03:00:00,2.00,1.44,0.81,0.70,LSTM
1995-02-14 03:00:00,2.67,3.46,0.81,0.70,LSTM
1995-03-10 00:00:00,3.67,3.92,0.83,0.70,LSTM
1995-03-28 06:00:00,2.00,2.83,0.88,0.70,LSTM
1995-02-08 06:00:00,4.33,4.38,0.83,0.70,LSTM
1995-02-20 03:00:00,1.33,2.01,0.81,0.70,LSTM
1995-03-22 03:00:00,1.00,0.46,0.80,0.70,LSTM
1995-03-16 06:00:00,2.33,3.03,0.83,0.70,LSTM
1995-02-26 06:00:00,2.33,2.97,0.86,0.70,LSTM
1995-02-02 06:00:00,3.67,3.39,0.81,0.70,LSTM
1995-02-14 06:00:00,3.33,2.53,0.86,0.70,LSTM
1995-03-04 06:00:00,2.67,2.50,0.81,0.70,LSTM
1995-03-10 03:00:00,2.33,4.73,0.83,0.70,LSTM
1995-03-28 09:00:00,3.67,3.07,0.86,0.70,LSTM
1995-02-08 09:00:00,4.33,4.71,0.86,0.70,LSTM
1995-02-20 06:00:00,1.33,1.79,0.81,0.70,LSTM
1995-03-22 06:00:00,0.67,0.89,0.81,0.70,LSTM
1995-03-16 09:00:00,3.00,2.85,0.81,0.70,LSTM
1995-02-02 09:00:00,4.00,2.86,0.82,0.70,LSTM
1995-02-14 09:00:00,5.00,2.13,0.83,0.70,LSTM
1995-02-26 09:00:00,3.00,3.25,0.85,0.70,LSTM
1995-03-04 09:00:00,3.33,3.82,0.81,0.70,LSTM
1995-03-10 06:00:00,2.00,3.20,0.85,0.70,LSTM
1995-03-28 12:00:00,4.33,2.48,0.88,0.70,LSTM
1995-02-08 12:00:00,2.67,4.68,0.83,0.70,LSTM
1995-02-20 09:00:00,1.00,1.77,0.81,0.70,LSTM
1995-02-02 12:00:00,4.67,3.10,0.82,0.70,LSTM
1995-02-02 15:00:00,-1.00,-1.00,-1.00,0.70,LSTM
1995-03-16 12:00:00,2.67,2.60,0.81,0.70,LSTM
1995-03-16 15:00:00,-1.00,-1.00,-1.00,0.70,LSTM
1995-03-16 18:00:00,-1.00,-1.00,-1.00,0.70,LSTM
1995-03-16 21:00:00,-1.00,-1.00,-1.00,0.70,LSTM
1995-02-14 12:00:00,4.33,3.59,0.82,0.70,LSTM
1995-03-22 09:00:00,0.67,0.83,0.86,0.70,LSTM
1995-02-26 12:00:00,3.00,1.97,0.85,0.70,LSTM
1995-03-28 15:00:00,3.33,2.23,0.87,0.70,LSTM
1995-03-28 18:00:00,-1.00,-1.00,-1.00,0.70,LSTM
1995-03-28 21:00:00,-1.00,-1.00,-1.00,0.70,LSTM
1995-03-29 00:00:00,-1.00,-1.00,-1.00,0.70,LSTM
1995-03-29 03:00:00,-1.00,-1.00,-1.00,0.70,LSTM
1995-03-10 09:00:00,2.67,3.54,0.82,0.70,LSTM
1995-02-08 15:00:00,1.33,4.56,0.81,0.70,LSTM
1995-03-04 12:00:00,3.67,3.94,0.87,0.70,LSTM
1995-02-20 12:00:00,1.67,1.90,0.81,0.70,LSTM
1995-02-02 18:00:00,4.00,4.11,0.82,0.70,LSTM
1995-02-14 15:00:00,4.00,3.72,0.83,0.70,LSTM
1995-03-22 12:00:00,0.67,0.58,0.83,0.70,LSTM
1995-03-17 00:00:00,2.67,3.36,0.81,0.70,LSTM
1995-02-26 15:00:00,3.33,2.58,0.85,0.70,LSTM
1995-02-08 18:00:00,2.00,3.07,0.81,0.70,LSTM
1995-03-29 06:00:00,3.33,3.45,0.86,0.70,LSTM
1995-03-10 12:00:00,2.67,2.81,0.84,0.70,LSTM
1995-03-04 15:00:00,4.67,3.16,0.84,0.70,LSTM
1995-02-02 21:00:00,3.67,3.66,0.82,0.70,LSTM
1995-02-20 15:00:00,1.33,1.67,0.81,0.70,LSTM
1995-02-14 18:00:00,2.67,3.40,0.81,0.70,LSTM
1995-03-22 15:00:00,0.33,0.44,0.81,0.70,LSTM
1995-03-17 03:00:00,2.00,-0.06,0.82,0.70,LSTM
1995-02-26 18:00:00,3.00,2.05,0.87,0.70,LSTM
1995-03-29 09:00:00,3.33,3.23,0.82,0.70,LSTM
1995-03-29 12:00:00,-1.00,-1.00,-1.00,0.70,LSTM
1995-02-08 21:00:00,1.00,2.08,0.81,0.70,LSTM
1995-03-10 15:00:00,3.00,2.68,0.84,0.70,LSTM
1995-03-04 18:00:00,6.33,2.07,0.82,0.70,LSTM
1995-02-03 00:00:00,4.00,4.06,0.81,0.70,LSTM
1995-02-20 18:00:00,1.00,1.86,0.81,0.70,LSTM
1995-02-14 21:00:00,3.33,3.72,0.83,0.70,LSTM
1995-03-22 18:00:00,0.67,0.92,0.82,0.70,LSTM
1995-03-17 06:00:00,1.67,1.46,0.82,0.70,LSTM
1995-03-29 15:00:00,2.33,3.63,0.88,0.70,LSTM
1995-03-29 18:00:00,-1.00,-1.00,-1.00,0.70,LSTM
1995-03-29 21:00:00,-1.00,-1.00,-1.00,0.70,LSTM
1995-02-26 21:00:00,2.33,2.71,0.86,0.70,LSTM
1995-02-09 00:00:00,2.33,1.99,0.81,0.70,LSTM
1995-03-10 18:00:00,3.33,4.11,0.85,0.70,LSTM
1995-03-04 21:00:00,4.67,3.74,0.82,0.70,LSTM
1995-02-03 03:00:00,3.33,3.30,0.82,0.70,LSTM
1995-02-03 06:00:00,-1.00,-1.00,-1.00,0.70,LSTM
1995-02-03 09:00:00,-1.00,-1.00,-1.00,0.70,LSTM
1995-02-15 00:00:00,3.33,3.13,0.82,0.70,LSTM
1995-02-20 21:00:00,1.67,1.80,0.81,0.70,LSTM
1995-03-30 00:00:00,2.67,2.90,0.83,0.70,LSTM
1995-03-22 21:00:00,0.67,0.21,0.81,0.70,LSTM
1995-03-17 09:00:00,2.00,2.06,0.81,0.70,LSTM
1995-02-09 03:00:00,1.67,1.51,0.86,0.70,LSTM
1995-02-27 00:00:00,4.00,3.09,0.83,0.70,LSTM
1995-03-10 21:00:00,4.67,3.31,0.82,0.70,LSTM
1995-03-05 00:00:00,2.33,4.75,0.83,0.70,LSTM
1995-02-03 12:00:00,3.67,3.51,0.82,0.70,LSTM
1995-02-15 03:00:00,2.67,3.65,0.81,0.70,LSTM
1995-02-21 00:00:00,1.00,1.84,0.81,0.70,LSTM
1995-03-30 03:00:00,1.33,1.76,0.81,0.70,LSTM
1995-03-30 06:00:00,-1.00,-1.00,-1.00,0.70,LSTM
1995-02-09 06:00:00,0.33,1.80,0.86,0.70,LSTM
1995-03-17 12:00:00,2.67,1.71,0.81,0.70,LSTM
1995-03-23 00:00:00,0.00,0.49,0.81,0.70,LSTM
1995-02-27 03:00:00,3.00,2.74,0.87,0.70,LSTM
1995-03-11 00:00:00,3.33,4.08,0.85,0.70,LSTM
1995-02-03 15:00:00,4.33,3.59,0.82,0.70,LSTM
1995-02-15 06:00:00,3.00,3.03,0.83,0.70,LSTM
1995-03-05 03:00:00,2.33,3.77,0.81,0.70,LSTM
1995-02-21 03:00:00,1.00,1.64,0.81,0.70,LSTM
1995-02-21 06:00:00,-1.00,-1.00,-1.00,0.70,LSTM
1995-03-30 09:00:00,3.00,2.20,0.81,0.70,LSTM
1995-02-09 09:00:00,0.00,1.86,0.86,0.70,LSTM
1995-03-17 15:00:00,2.33,1.92,0.81,0.70,LSTM
1995-03-23 03:00:00,0.00,0.21,0.82,0.70,LSTM
1995-02-27 06:00:00,4.00,3.29,0.89,0.70,LSTM
1995-02-03 18:00:00,4.00,3.83,0.81,0.70,LSTM
1995-02-15 09:00:00,2.00,3.21,0.81,0.70,LSTM
1995-03-11 03:00:00,3.67,3.70,0.87,0.70,LSTM
1995-03-05 06:00:00,3.33,2.56,0.86,0.70,LSTM
1995-03-30 12:00:00,1.67,2.41,0.83,0.70,LSTM
1995-02-21 09:00:00,1.00,1.74,0.83,0.70,LSTM
1995-02-09 12:00:00,0.33,0.50,0.88,0.70,LSTM
1995-03-17 18:00:00,2.00,2.43,0.81,0.70,LSTM
1995-03-23 06:00:00,2.67,0.74,0.81,0.70,LSTM
1995-02-27 09:00:00,4.33,3.36,0.89,0.70,LSTM
1995-02-03 21:00:00,5.33,3.75,0.81,0.70,LSTM
1995-02-04 00:00:00,-1.00,-1.00,-1.00,0.70,LSTM
1995-02-15 12:00:00,3.67,3.44,0.82,0.70,LSTM
1995-03-11 06:00:00,1.00,3.52,0.85,0.70,LSTM
1995-03-30 15:00:00,1.00,1.00,0.81,0.70,LSTM
1995-02-09 15:00:00,0.33,0.72,0.88,0.70,LSTM
1995-03-05 09:00:00,3.00,2.73,0.83,0.70,LSTM
1995-02-21 12:00:00,0.00,2.04,0.82,0.70,LSTM
1995-03-17 21:00:00,2.00,2.01,0.82,0.70,LSTM
1995-03-23 09:00:00,2.33,0.33,0.87,0.70,LSTM
1995-03-23 12:00:00,-1.00,-1.00,-1.00,0.70,LSTM
1995-02-27 12:00:00,3.67,3.25,0.89,0.70,LSTM
1995-02-15 15:00:00,3.33,2.81,0.82,0.70,LSTM
1995-02-04 03:00:00,3.33,3.30,0.82,0.70,LSTM
1995-03-30 18:00:00,0.67,1.21,0.81,0.70,LSTM
1995-03-11 09:00:00,3.00,3.59,0.81,0.70,LSTM
1995-02-09 18:00:00,0.33,0.47,0.87,0.70,LSTM
1995-03-05 12:00:00,3.00,3.39,0.83,0.70,LSTM
1995-02-21 15:00:00,1.00,1.62,0.82,0.70,LSTM
1995-03-18 00:00:00,1.33,2.01,0.82,0.70,LSTM
1995-03-23 15:00:00,2.33,1.25,0.87,0.70,LSTM
1995-03-23 18:00:00,-1.00,-1.00,-1.00,0.70,LSTM
1995-02-27 15:00:00,5.00,4.04,0.88,0.70,LSTM
1995-02-15 18:00:00,3.67,2.45,0.81,0.70,LSTM
1995-02-04 06:00:00,2.67,3.33,0.81,0.70,LSTM
1995-03-30 21:00:00,1.33,1.24,0.83,0.70,LSTM
1995-02-09 21:00:00,0.00,0.28,0.87,0.70,LSTM
1995-03-11 12:00:00,4.33,3.37,0.81,0.70,LSTM
1995-02-21 18:00:00,2.00,1.27,0.82,0.70,LSTM
1995-03-05 15:00:00,3.67,3.01,0.86,0.70,LSTM
1995-03-18 03:00:00,1.67,1.66,0.81,0.70,LSTM
1995-03-23 21:00:00,2.33,2.04,0.84,0.70,LSTM
1995-02-04 09:00:00,3.67,3.30,0.81,0.70,LSTM
1995-02-04 12:00:00,-1.00,-1.00,-1.00,0.70,LSTM
1995-02-15 21:00:00,1.67,2.15,0.81,0.70,LSTM
1995-02-27 18:00:00,3.67,3.62,0.88,0.70,LSTM
1995-03-31 00:00:00,1.33,0.86,0.83,0.70,LSTM
1995-02-10 00:00:00,0.00,0.36,0.87,0.70,LSTM
1995-03-11 15:00:00,4.67,2.80,0.82,0.70,LSTM
1995-02-21 21:00:00,0.33,1.56,0.81,0.70,LSTM
1995-03-05 18:00:00,3.00,3.80,0.86,0.70,LSTM
1995-03-18 06:00:00,1.00,1.89,0.84,0.70,LSTM
1995-02-04 15:00:00,3.00,3.06,0.81,0.70,LSTM
1995-03-24 00:00:00,1.00,2.71,0.86,0.70,LSTM
1995-02-16 00:00:00,2.00,2.52,0.82,0.70,LSTM
1995-02-27 21:00:00,4.33,3.60,0.88,0.70,LSTM
1995-02-10 03:00:00,0.00,0.27,0.83,0.70,LSTM
1995-03-31 03:00:00,2.00,1.26,0.82,0.70,LSTM
1995-03-31 06:00:00,-1.00,-1.00,-1.00,0.70,LSTM
1995-03-31 09:00:00,-1.00,-1.00,-1.00,0.70,LSTM
1995-03-11 18:00:00,5.67,3.16,0.83,0.70,LSTM
1995-02-22 00:00:00,0.67,1.88,0.81,0.70,LSTM
1995-03-05 21:00:00,1.33,3.85,0.87,0.70,LSTM
1995-02-04 18:00:00,2.67,3.28,0.82,0.70,LSTM
1995-02-04 21:00:00,-1.00,-1.00,-1.00,0.70,LSTM
1995-03-18 09:00:00,1.00,1.62,0.81,0.70,LSTM
1995-02-16 03:00:00,2.00,2.08,0.81,0.70,LSTM
1995-03-24 03:00:00,2.00,2.08,0.84,0.70,LSTM
1995-02-10 06:00:00,0.33,0.36,0.81,0.70,LSTM
1995-02-28 00:00:00,4.00,3.40,0.87,0.70,LSTM
1995-03-31 12:00:00,2.00,1.02,0.81,0.70,LSTM
1995-03-31 15:00:00,-1.00,-1.00,-1.00,0.70,LSTM
1995-03-11 21:00:00,6.00,4.63,0.82,0.70,LSTM
1995-02-22 03:00:00,1.00,1.84,0.82,0.70,LSTM
1995-02-05 00:00:00,1.00,2.68,0.82,0.70,LSTM
1995-03-06 00:00:00,3.00,3.81,0.88,0.70,LSTM
1995-03-18 12:00:00,0.33,0.83,0.82,0.70,LSTM
1995-02-16 06:00:00,1.67,1.66,0.82,0.70,LSTM
1995-03-24 06:00:00,0.67,2.87,0.86,0.70,LSTM
1995-03-24 09:00:00,-1.00,-1.00,-1.00,0.70,LSTM
1995-02-10 09:00:00,0.33,0.63,0.83,0.70,LSTM
1995-03-31 18:00:00,2.00,1.45,0.81,0.70,LSTM
1995-02-28 03:00:00,4.67,3.93,0.84,0.70,LSTM
1995-03-12 00:00:00,6.00,4.40,0.82,0.70,LSTM
1995-02-22 06:00:00,1.00,1.90,0.81,0.70,LSTM
1995-02-05 03:00:00,1.67,2.05,0.81,0.70,LSTM
1995-03-18 15:00:00,1.33,0.55,0.85,0.70,LSTM
1995-03-06 03:00:00,1.00,3.50,0.88,0.70,LSTM
1995-02-16 09:00:00,1.33,1.52,0.81,0.70,LSTM
1995-02-10 12:00:00,1.33,0.62,0.83,0.70,LSTM
1995-03-24 12:00:00,1.67,2.36,0.84,0.70,LSTM
1995-03-31 21:00:00,0.67,1.62,0.81,0.70,LSTM
1995-04-01 00:00:00,-1.00,-1.00,-1.00,0.70,LSTM
1995-04-01 03:00:00,-1.00,-1.00,-1.00,0.70,LSTM
1995-02-28 06:00:00,5.00,4.28,0.83,0.70,LSTM
1995-03-12 03:00:00,4.00,6.52,0.82,0.70,LSTM
1995-02-05 06:00:00,0.67,1.73,0.82,0.70,LSTM
1995-02-22 09:00:00,0.33,0.96,0.81,0.70,LSTM
1995-02-16 12:00:00,3.33,1.97,0.81,0.70,LSTM
1995-02-10 15:00:00,0.67,0.98,0.83,0.70,LSTM
1995-03-18 18:00:00,0.67,0.84,0.87,0.70,LSTM
1995-04-01 06:00:00,0.33,2.13,0.81,0.70,LSTM
1995-03-06 06:00:00,0.33,3.54,0.87,0.70,LSTM
1995-03-24 15:00:00,1.00,2.13,0.84,0.70,LSTM
1995-02-28 09:00:00,3.00,4.90,0.86,0.70,LSTM
1995-02-05 09:00:00,1.00,1.20,0.81,0.70,LSTM
1995-02-05 12:00:00,-1.00,-1.00,-1.00,0.70,LSTM
1995-03-12 06:00:00,3.33,3.82,0.83,0.70,LSTM
1995-02-22 12:00:00,0.33,1.21,0.81,0.70,LSTM
1995-02-16 15:00:00,1.33,1.78,0.84,0.70,LSTM
1995-04-01 09:00:00,1.33,1.07,0.86,0.70,LSTM
1995-02-10 18:00:00,1.67,1.56,0.83,0.70,LSTM
1995-03-24 18:00:00,1.00,1.51,0.86,0.70,LSTM
1995-03-18 21:00:00,1.67,1.01,0.84,0.70,LSTM
1995-03-06 09:00:00,0.67,1.66,0.81,0.70,LSTM
1995-02-28 12:00:00,3.00,4.35,0.87,0.70,LSTM
1995-02-05 15:00:00,1.33,1.43,0.81,0.70,LSTM
1995-03-12 09:00:00,3.00,3.97,0.82,0.70,LSTM
1995-02-22 15:00:00,0.33,1.22,0.82,0.70,LSTM
1995-04-01 12:00:00,3.67,0.90,0.82,0.70,LSTM
1995-02-16 18:00:00,2.00,2.53,0.82,0.70,LSTM
1995-02-10 21:00:00,2.67,1.26,0.83,0.70,LSTM
1995-03-19 00:00:00,1.00,0.90,0.87,0.70,LSTM
1995-03-24 21:00:00,1.67,1.55,0.83,0.70,LSTM
1995-03-25 00:00:00,-1.00,-1.00,-1.00,0.70,LSTM
1995-03-25 03:00:00,-1.00,-1.00,-1.00,0.70,LSTM
1995-02-28 15:00:00,5.67,3.18,0.83,0.70,LSTM
1995-03-06 12:00:00,1.00,1.32,0.82,0.70,LSTM
1995-02-05 18:00:00,0.67,0.93,0.81,0.70,LSTM
1995-03-12 12:00:00,4.00,2.97,0.82,0.70,LSTM
1995-02-22 18:00:00,0.33,0.63,0.82,0.70,LSTM
1995-04-01 15:00:00,4.67,1.78,0.83,0.70,LSTM
1995-02-11 00:00:00,2.67,1.45,0.82,0.70,LSTM
1995-02-16 21:00:00,1.00,2.36,0.81,0.70,LSTM
1995-02-17 00:00:00,-1.00,-1.00,-1.00,0.70,LSTM
1995-03-25 06:00:00,1.67,1.09,0.83,0.70,LSTM
1995-03-19 03:00:00,1.00,0.93,0.82,0.70,LSTM
1995-03-06 15:00:00,0.00,1.15,0.85,0.70,LSTM
1995-02-28 18:00:00,4.67,3.50,0.87,0.70,LSTM
1995-02-05 21:00:00,3.00,0.84,0.81,0.70,LSTM
1995-03-12 15:00:00,4.67,2.42,0.84,0.70,LSTM
1995-04-01 18:00:00,4.00,2.05,0.81,0.70,LSTM
1995-02-22 21:00:00,1.00,0.24,0.84,0.70,LSTM
1995-02-11 03:00:00,5.33,2.62,0.81,0.70,LSTM
1995-02-17 03:00:00,2.67,2.63,0.81,0.70,LSTM
1995-03-19 06:00:00,0.33,1.53,0.82,0.70,LSTM
1995-03-25 09:00:00,1.00,0.64,0.88,0.70,LSTM
1995-03-25 12:00:00,-1.00,-1.00,-1.00,0.70,LSTM
1995-02-06 00:00:00,2.67,1.60,0.83,0.70,LSTM
1995-03-06 18:00:00,0.00,0.16,0.84,0.70,LSTM
1995-02-28 21:00:00,4.00,3.76,0.84,0.70,LSTM
1995-04-01 21:00:00,4.33,2.86,0.81,0.70,LSTM
1995-02-11 06:00:00,3.33,5.38,0.81,0.70,LSTM
1995-02-23 00:00:00,1.00,0.26,0.82,0.70,LSTM
1995-03-12 18:00:00,5.33,3.91,0.81,0.70,LSTM
1995-02-17 06:00:00,2.33,2.31,0.81,0.70,LSTM
1995-03-19 09:00:00,0.67,1.14,0.82,0.70,LSTM
1995-03-25 15:00:00,1.33,1.03,0.88,0.70,LSTM
1995-03-25 18:00:00,-1.00,-1.00,-1.00,0.70,LSTM
1995-02-06 03:00:00,1.33,2.91,0.81,0.70,LSTM
1995-03-06 21:00:00,0.00,-0.08,0.83,0.70,LSTM
1995-03-01 00:00:00,4.67,4.45,0.88,0.70,LSTM
1995-04-02 00:00:00,5.67,3.64,0.85,0.70,LSTM
1995-02-11 09:00:00,4.00,6.14,0.81,0.70,LSTM
1995-02-23 03:00:00,2.00,0.37,0.83,0.70,LSTM
1995-03-12 21:00:00,4.33,3.17,0.81,0.70,LSTM
1995-03-13 00:00:00,-1.00,-1.00,-1.00,0.70,LSTM
1995-03-13 03:00:00,-1.00,-1.00,-1.00,0.70,LSTM
1995-02-17 09:00:00,2.00,2.77,0.81,0.70,LSTM
1995-03-19 12:00:00,1.00,1.34,0.80,0.70,LSTM
1995-03-25 21:00:00,2.00,0.83,0.89,0.70,LSTM
1995-02-06 06:00:00,2.00,2.58,0.81,0.70,LSTM
1995-03-07 00:00:00,1.00,-0.45,0.83,0.70,LSTM
1995-03-01 03:00:00,4.33,4.18,0.86,0.70,LSTM
1995-04-02 03:00:00,2.33,3.45,0.82,0.70,LSTM
1995-02-11 12:00:00,4.00,3.92,0.81,0.70,LSTM
1995-02-23 06:00:00,1.67,0.41,0.84,0.70,LSTM
1995-03-13 06:00:00,4.67,4.22,0.83,0.70,LSTM
1995-02-17 12:00:00,2.33,1.63,0.82,0.70,LSTM
1995-03-19 15:00:00,1.33,0.87,0.81,0.70,LSTM
1995-02-06 09:00:00,2.67,2.21,0.81,0.70,LSTM
1995-03-26 00:00:00,1.33,0.90,0.90,0.70,LSTM
1995-03-26 03:00:00,-1.00,-1.00,-1.00,0.70,LSTM
1995-04-02 06:00:00,4.00,3.99,0.83,0.70,LSTM
1995-03-07 03:00:00,0.67,0.10,0.88,0.70,LSTM
1995-03-01 06:00:00,5.67,4.47,0.87,0.70,LSTM
1995-02-11 15:00:00,3.67,3.85,0.81,0.70,LSTM
1995-02-23 09:00:00,1.67,1.03,0.85,0.70,LSTM
1995-03-13 09:00:00,5.33,3.27,0.86,0.70,LSTM
1995-02-17 15:00:00,1.33,1.42,0.81,0.70,LSTM
1995-03-19 18:00:00,1.33,1.54,0.82,0.70,LSTM
1995-02-06 12:00:00,3.00,3.22,0.81,0.70,LSTM
1995-03-26 06:00:00,4.33,0.91,0.89,0.70,LSTM
1995-03-26 09:00:00,-1.00,-1.00,-1.00,0.70,LSTM
1995-04-02 09:00:00,4.00,2.37,0.87,0.70,LSTM
1995-02-11 18:00:00,5.00,3.63,0.82,0.70,LSTM
1995-03-01 09:00:00,2.67,5.03,0.88,0.70,LSTM
1995-03-07 06:00:00,0.67,1.01,0.87,0.70,LSTM
1995-02-23 12:00:00,1.33,1.43,0.82,0.70,LSTM
1995-03-13 12:00:00,6.00,4.41,0.86,0.70,LSTM
1995-02-17 18:00:00,1.33,1.43,0.82,0.70,LSTM
1995-02-06 15:00:00,1.33,2.89,0.81,0.70,LSTM
1995-03-19 21:00:00,1.00,0.44,0.80,0.70,LSTM
1995-03-26 12:00:00,5.33,1.95,0.85,0.70,LSTM
1995-04-02 12:00:00,1.67,3.19,0.81,0.70,LSTM
1995-02-11 21:00:00,4.33,3.89,0.82,0.70,LSTM
1995-03-07 09:00:00,0.67,0.97,0.83,0.70,LSTM
1995-03-01 12:00:00,4.33,4.62,0.86,0.70,LSTM
1995-02-23 15:00:00,0.67,2.39,0.86,0.70,LSTM
1995-02-17 21:00:00,3.00,2.10,0.82,0.70,LSTM
1995-03-13 15:00:00,4.67,3.75,0.87,0.70,LSTM
1995-02-06 18:00:00,2.67,2.96,0.81,0.70,LSTM
1995-03-20 00:00:00,0.00,1.61,0.81,0.70,LSTM
1995-04-02 15:00:00,1.33,3.70,0.81,0.70,LSTM
1995-03-26 15:00:00,4.33,3.99,0.85,0.70,LSTM
1995-02-12 00:00:00,4.00,3.29,0.82,0.70,LSTM
1995-03-07 12:00:00,1.33,0.89,0.86,0.70,LSTM
1995-03-01 15:00:00,4.67,4.93,0.86,0.70,LSTM
1995-02-23 18:00:00,1.00,2.08,0.84,0.70,LSTM
1995-02-06 21:00:00,3.67,2.06,0.84,0.70,LSTM
1995-02-18 00:00:00,3.00,3.16,0.84,0.70,LSTM
1995-03-13 18:00:00,3.67,3.71,0.82,0.70,LSTM
1995-04-02 18:00:00,1.00,2.28,0.81,0.70,LSTM
1995-03-20 03:00:00,0.67,1.13,0.81,0.70,LSTM
1995-03-26 18:00:00,4.00,3.90,0.86,0.70,LSTM
1995-02-12 03:00:00,3.00,3.40,0.82,0.70,LSTM
1995-03-07 15:00:00,1.00,0.26,0.87,0.70,LSTM
1995-03-01 18:00:00,4.33,4.76,0.86,0.70,LSTM
1995-04-08 00:00:00,4.67,6.70,0.82,0.70,LSTM
1995-04-08 03:00:00,-1.00,-1.00,-1.00,0.70,LSTM
1995-02-23 21:00:00,1.00,1.90,0.81,0.70,LSTM
1995-02-18 03:00:00,2.00,4.07,0.81,0.70,LSTM
1995-04-02 21:00:00,0.33,1.30,0.82,0.70,LSTM
1995-03-13 21:00:00,4.00,3.78,0.82,0.70,LSTM
1995-03-20 06:00:00,1.33,0.94,0.84,0.70,LSTM
1995-03-26 21:00:00,3.33,2.29,0.85,0.70,LSTM
1995-02-12 06:00:00,3.67,3.16,0.82,0.70,LSTM
1995-04-08 06:00:00,5.00,4.09,0.86,0.70,LSTM
1995-03-07 18:00:00,0.67,1.46,0.86,0.70,LSTM
1995-03-01 21:00:00,4.00,4.09,0.82,0.70,LSTM
1995-02-24 00:00:00,0.33,2.10,0.82,0.70,LSTM
1995-02-18 06:00:00,2.33,2.65,0.86,0.70,LSTM
1995-04-03 00:00:00,0.33,1.36,0.88,0.70,LSTM
1995-03-14 00:00:00,4.00,4.15,0.81,0.70,LSTM
1995-04-14 00:00:00,1.33,1.79,0.81,0.70,LSTM
1995-03-20 09:00:00,2.00,0.84,0.83,0.70,LSTM
1995-02-12 09:00:00,3.00,3.16,0.84,0.70,LSTM
1995-04-08 09:00:00,4.00,3.25,0.82,0.70,LSTM
1995-04-08 12:00:00,-1.00,-1.00,-1.00,0.70,LSTM
1995-04-08 15:00:00,-1.00,-1.00,-1.00,0.70,LSTM
1995-03-07 21:00:00,1.33,1.43,0.87,0.70,LSTM
1995-03-02 00:00:00,4.67,5.06,0.81,0.70,LSTM
1995-04-03 03:00:00,0.33,-0.07,0.87,0.70,LSTM
1995-02-24 03:00:00,1.00,0.77,0.82,0.70,LSTM
1995-02-18 09:00:00,2.00,1.93,0.81,0.70,LSTM
1995-04-14 03:00:00,0.67,2.47,0.81,0.70,LSTM
1995-03-14 03:00:00,3.33,4.42,0.82,0.70,LSTM
1995-03-20 12:00:00,2.00,1.14,0.82,0.70,LSTM
1995-02-12 12:00:00,4.67,2.87,0.88,0.70,LSTM
1995-04-08 18:00:00,3.33,3.38,0.81,0.70,LSTM
1995-04-08 21:00:00,-1.00,-1.00,-1.00,0.70,LSTM
1995-04-03 06:00:00,0.33,0.26,0.86,0.70,LSTM
1995-04-14 06:00:00,0.67,1.71,0.82,0.70,LSTM
1995-03-08 00:00:00,1.33,1.37,0.87,0.70,LSTM
1995-03-02 03:00:00,4.67,4.53,0.82,0.70,LSTM
1995-02-18 12:00:00,2.67,2.10,0.82,0.70,LSTM
1995-02-24 06:00:00,0.67,0.79,0.81,0.70,LSTM
1995-02-12 15:00:00,5.33,3.78,0.85,0.70,LSTM
1995-03-20 15:00:00,1.33,1.72,0.81,0.70,LSTM
1995-03-14 06:00:00,3.33,4.57,0.83,0.70,LSTM
1995-03-14 09:00:00,-1.00,-1.00,-1.00,0.70,LSTM
1995-03-14 12:00:00,-1.00,-1.00,-1.00,0.70,LSTM
1995-03-14 15:00:00,-1.00,-1.00,-1.00,0.70,LSTM
1995-04-09 00:00:00,4.33,3.36,0.81,0.70,LSTM
1995-04-14 09:00:00,1.00,1.74,0.81,0.70,LSTM
1995-04-03 09:00:00,0.33,1.16,0.83,0.70,LSTM
1995-03-08 03:00:00,1.33,1.80,0.87,0.70,LSTM
1995-03-08 06:00:00,-1.00,-1.00,-1.00,0.70,LSTM
1995-03-02 06:00:00,3.67,3.49,0.82,0.70,LSTM
1995-02-18 15:00:00,3.00,2.38,0.84,0.70,LSTM
1995-02-24 09:00:00,0.00,0.51,0.81,0.70,LSTM
1995-02-12 18:00:00,4.33,4.70,0.85,0.70,LSTM
1995-03-20 18:00:00,0.33,1.62,0.82,0.70,LSTM
1995-03-14 18:00:00,3.00,4.12,0.83,0.70,LSTM
1995-03-14 21:00:00,-1.00,-1.00,-1.00,0.70,LSTM
1995-04-09 03:00:00,4.33,4.12,0.83,0.70,LSTM
1995-04-14 12:00:00,1.00,1.64,0.82,0.70,LSTM
1995-04-03 12:00:00,0.00,1.34,0.85,0.70,LSTM
1995-03-08 09:00:00,0.33,1.88,0.87,0.70,LSTM
1995-02-18 18:00:00,1.33,2.56,0.84,0.70,LSTM
1995-02-12 21:00:00,5.33,4.21,0.82,0.70,LSTM
1995-04-20 00:00:00,3.00,1.83,0.83,0.70,LSTM
1995-02-24 12:00:00,0.67,-0.04,0.81,0.70,LSTM
1995-03-02 09:00:00,3.67,3.67,0.81,0.70,LSTM
1995-04-09 06:00:00,4.00,3.28,0.84,0.70,LSTM
1995-04-09 09:00:00,-1.00,-1.00,-1.00,0.70,LSTM
1995-04-09 12:00:00,-1.00,-1.00,-1.00,0.70,LSTM
1995-04-09 15:00:00,-1.00,-1.00,-1.00,0.70,LSTM
1995-04-09 18:00:00,-1.00,-1.00,-1.00,0.70,LSTM
1995-04-09 21:00:00,-1.00,-1.00,-1.00,0.70,LSTM
1995-03-20 21:00:00,0.00,1.69,0.82,0.70,LSTM
1995-05-02 00:00:00,-1.00,-1.00,-1.00,0.70,LSTM
1995-04-14 15:00:00,1.33,1.64,0.82,0.70,LSTM
1995-04-03 15:00:00,0.33,-0.25,0.84,0.70,LSTM
1995-04-20 03:00:00,2.33,2.66,0.81,0.70,LSTM
1995-04-26 00:00:00,3.33,2.49,0.83,0.70,LSTM
1995-04-10 00:00:00,4.67,2.90,0.88,0.70,LSTM
1995-02-18 21:00:00,1.67,1.98,0.83,0.70,LSTM
1995-03-08 12:00:00,0.00,1.88,0.83,0.70,LSTM
1995-05-02 03:00:00,4.00,1.46,0.81,0.70,LSTM
1995-02-24 15:00:00,1.33,0.32,0.85,0.70,LSTM
1995-03-02 12:00:00,4.67,4.35,0.81,0.70,LSTM
1995-04-14 18:00:00,1.67,1.17,0.81,0.70,LSTM
1995-04-03 18:00:00,0.33,-0.28,0.83,0.70,LSTM
1995-04-20 06:00:00,1.67,2.53,0.82,0.70,LSTM
1995-04-26 03:00:00,2.67,2.67,0.81,0.70,LSTM
1995-04-10 03:00:00,4.00,3.00,0.86,0.70,LSTM
1995-05-02 06:00:00,3.00,4.45,0.81,0.70,LSTM
1995-05-08 00:00:00,4.33,3.83,0.81,0.70,LSTM
1995-05-02 09:00:00,-1.00,-1.00,-1.00,0.70,LSTM
1995-05-02 12:00:00,-1.00,-1.00,-1.00,0.70,LSTM
1995-05-02 15:00:00,-1.00,-1.00,-1.00,0.70,LSTM
1995-05-02 18:00:00,-1.00,-1.00,-1.00,0.70,LSTM
1995-05-02 21:00:00,-1.00,-1.00,-1.00,0.70,LSTM
1995-05-03 00:00:00,-1.00,-1.00,-1.00,0.70,LSTM
1995-03-08 15:00:00,1.33,0.75,0.81,0.70,LSTM
1995-04-14 21:00:00,1.00,1.23,0.82,0.70,LSTM
1995-02-24 18:00:00,1.00,0.54,0.85,0.70,LSTM
1995-03-02 15:00:00,2.67,3.60,0.82,0.70,LSTM
1995-04-20 09:00:00,2.00,2.61,0.84,0.70,LSTM
1995-04-03 21:00:00,1.33,-0.28,0.86,0.70,LSTM
1995-04-26 06:00:00,2.67,3.35,0.81,0.70,LSTM
1995-04-10 06:00:00,4.67,3.77,0.84,0.70,LSTM
1995-05-08 03:00:00,2.33,3.83,0.81,0.70,LSTM
1995-05-03 03:00:00,5.00,3.96,0.81,0.70,LSTM
1995-04-15 00:00:00,1.00,1.10,0.81,0.70,LSTM
1995-03-08 18:00:00,0.67,0.69,0.83,0.70,LSTM
1995-03-02 18:00:00,2.67,3.96,0.82,0.70,LSTM
1995-02-24 21:00:00,0.00,0.74,0.87,0.70,LSTM
1995-04-20 12:00:00,2.33,1.86,0.81,0.70,LSTM
1995-04-04 00:00:00,0.67,0.03,0.85,0.70,LSTM
1995-04-26 09:00:00,3.33,3.65,0.81,0.70,LSTM
1995-04-10 09:00:00,4.00,3.59,0.81,0.70,LSTM
1995-04-10 12:00:00,-1.00,-1.00,-1.00,0.70,LSTM
1995-04-10 15:00:00,-1.00,-1.00,-1.00,0.70,LSTM
1995-05-03 06:00:00,5.67,5.03,0.81,0.70,LSTM
1995-04-15 03:00:00,0.33,1.53,0.81,0.70,LSTM
1995-05-08 06:00:00,2.67,3.46,0.81,0.70,LSTM
1995-05-08 09:00:00,-1.00,-1.00,-1.00,0.70,LSTM
1995-05-14 00:00:00,2.33,1.91,0.83,0.70,LSTM
1995-04-20 15:00:00,1.67,2.49,0.81,0.70,LSTM
1995-03-08 21:00:00,0.67,0.22,0.83,0.70,LSTM
1995-03-02 21:00:00,3.33,3.43,0.81,0.70,LSTM
1995-04-04 03:00:00,1.00,0.42,0.86,0.70,LSTM
1995-04-10 18:00:00,3.00,4.14,0.81,0.70,LSTM
1995-04-26 12:00:00,3.67,3.04,0.81,0.70,LSTM
1995-05-03 09:00:00,4.67,5.94,0.81,0.70,LSTM
1995-04-15 06:00:00,0.33,0.97,0.82,0.70,LSTM
1995-05-08 12:00:00,2.67,2.80,0.82,0.70,LSTM
1995-04-20 18:00:00,1.00,2.00,0.81,0.70,LSTM
1995-05-14 03:00:00,2.33,3.27,0.84,0.70,LSTM
1995-05-20 00:00:00,2.67,2.49,0.82,0.70,LSTM
1995-05-26 00:00:00,1.67,1.70,0.81,0.70,LSTM
1995-04-10 21:00:00,2.33,3.17,0.81,0.70,LSTM
1995-04-26 15:00:00,3.00,2.60,0.81,0.70,LSTM
1995-04-04 06:00:00,0.33,1.49,0.87,0.70,LSTM
1995-05-03 12:00:00,4.33,6.12,0.81,0.70,LSTM
1995-04-15 09:00:00,1.33,0.25,0.81,0.70,LSTM
1995-05-08 15:00:00,3.00,3.36,0.81,0.70,LSTM
1995-04-20 21:00:00,0.33,2.19,0.85,0.70,LSTM
1995-05-14 06:00:00,1.33,2.62,0.80,0.70,LSTM
1995-05-14 09:00:00,-1.00,-1.00,-1.00,0.70,LSTM
1995-05-14 12:00:00,-1.00,-1.00,-1.00,0.70,LSTM
1995-05-20 03:00:00,2.67,2.48,0.81,0.70,LSTM
1995-05-26 03:00:00,1.67,2.00,0.81,0.70,LSTM
1995-04-11 00:00:00,4.33,3.87,0.81,0.70,LSTM
1995-04-26 18:00:00,4.33,4.53,0.82,0.70,LSTM
1995-04-04 09:00:00,0.33,1.29,0.87,0.70,LSTM
1995-05-03 15:00:00,4.33,5.16,0.81,0.70,LSTM
1995-04-15 12:00:00,1.33,0.69,0.82,0.70,LSTM
1995-05-08 18:00:00,3.33,2.29,0.81,0.70,LSTM
1995-04-21 00:00:00,0.33,1.60,0.84,0.70,LSTM
1995-05-14 15:00:00,1.33,1.64,0.87,0.70,LSTM
1995-05-20 06:00:00,3.00,2.58,0.81,0.70,LSTM
1995-04-11 03:00:00,3.67,3.60,0.81,0.70,LSTM
1995-05-26 06:00:00,2.67,1.83,0.81,0.70,LSTM
1995-04-26 21:00:00,4.00,4.41,0.81,0.70,LSTM
1995-04-04 12:00:00,1.00,0.76,0.86,0.70,LSTM
1995-04-04 15:00:00,-1.00,-1.00,-1.00,0.70,LSTM
1995-05-03 18:00:00,4.33,4.53,0.81,0.70,LSTM
1995-04-15 15:00:00,1.00,1.77,0.82,0.70,LSTM
1995-05-08 21:00:00,2.33,2.24,0.81,0.70,LSTM
1995-04-21 03:00:00,0.33,0.59,0.84,0.70,LSTM
1995-05-14 18:00:00,0.67,1.12,0.85,0.70,LSTM
1995-05-20 09:00:00,2.00,2.21,0.81,0.70,LSTM
1995-04-11 06:00:00,3.00,4.16,0.81,0.70,LSTM
1995-04-11 09:00:00,-1.00,-1.00,-1.00,0.70,LSTM
1995-05-26 09:00:00,3.67,1.95,0.82,0.70,LSTM
1995-04-27 00:00:00,3.33,4.30,0.81,0.70,LSTM
1995-04-15 18:00:00,0.33,1.02,0.82,0.70,LSTM
1995-05-03 21:00:00,5.00,4.61,0.81,0.70,LSTM
1995-05-04 00:00:00,-1.00,-1.00,-1.00,0.70,LSTM
1995-05-04 03:00:00,-1.00,-1.00,-1.00,0.70,LSTM
1995-04-04 18:00:00,1.33,0.63,0.83,0.70,LSTM
1995-04-21 06:00:00,0.00,1.21,0.83,0.70,LSTM
1995-05-09 00:00:00,2.33,2.95,0.81,0.70,LSTM
1995-05-14 21:00:00,0.33,0.67,0.84,0.70,LSTM
1995-05-15 00:00:00,-1.00,-1.00,-1.00,0.70,LSTM
1995-04-11 12:00:00,3.00,3.81,0.81,0.70,LSTM
1995-05-20 12:00:00,2.33,2.60,0.81,0.70,LSTM
1995-05-26 12:00:00,2.67,2.25,0.81,0.70,LSTM
1995-04-15 21:00:00,0.67,1.83,0.83,0.70,LSTM
1995-04-27 03:00:00,6.33,3.21,0.85,0.70,LSTM
1995-05-04 06:00:00,3.00,4.25,0.86,0.70,LSTM
1995-04-04 21:00:00,2.67,0.17,0.85,0.70,LSTM
1995-04-21 09:00:00,0.33,1.09,0.81,0.70,LSTM
1995-05-09 03:00:00,2.33,2.58,0.81,0.70,LSTM
1995-04-11 15:00:00,5.00,3.74,0.82,0.70,LSTM
1995-05-15 03:00:00,0.67,0.61,0.88,0.70,LSTM
1995-04-16 00:00:00,0.33,1.14,0.83,0.70,LSTM
1995-05-20 15:00:00,3.67,2.37,0.81,0.70,LSTM
1995-05-26 15:00:00,3.67,2.81,0.82,0.70,LSTM
1995-04-27 06:00:00,4.33,3.42,0.85,0.70,LSTM
1995-05-04 09:00:00,4.00,3.70,0.80,0.70,LSTM
1995-04-05 00:00:00,2.00,0.85,0.87,0.70,LSTM
1995-04-21 12:00:00,0.67,0.81,0.83,0.70,LSTM
1995-05-09 06:00:00,2.33,2.81,0.81,0.70,LSTM
1995-04-11 18:00:00,3.67,3.53,0.81,0.70,LSTM
1995-04-16 03:00:00,1.33,0.46,0.83,0.70,LSTM
1995-05-15 06:00:00,1.00,0.46,0.89,0.70,LSTM
1995-05-20 18:00:00,3.00,2.41,0.82,0.70,LSTM
1995-04-27 09:00:00,4.33,4.33,0.82,0.70,LSTM
1995-05-26 18:00:00,3.00,2.86,0.81,0.70,LSTM
1995-05-04 12:00:00,3.33,4.79,0.84,0.70,LSTM
1995-04-21 15:00:00,0.67,0.53,0.81,0.70,LSTM
1995-04-05 03:00:00,1.33,2.03,0.85,0.70,LSTM
1995-05-09 09:00:00,1.67,2.76,0.83,0.70,LSTM
1995-04-11 21:00:00,4.33,4.31,0.81,0.70,LSTM
1995-04-12 00:00:00,-1.00,-1.00,-1.00,0.70,LSTM
1995-04-16 06:00:00,1.00,0.86,0.86,0.70,LSTM
1995-05-15 09:00:00,2.00,-0.35,0.85,0.70,LSTM
1995-04-27 12:00:00,3.00,3.61,0.83,0.70,LSTM
1995-05-20 21:00:00,2.67,2.86,0.81,0.70,LSTM
1995-05-26 21:00:00,1.00,2.43,0.82,0.70,LSTM
1995-05-04 15:00:00,3.67,4.49,0.81,0.70,LSTM
1995-04-21 18:00:00,0.67,0.76,0.81,0.70,LSTM
1995-04-05 06:00:00,3.33,1.69,0.83,0.70,LSTM
1995-04-12 03:00:00,2.67,2.55,0.81,0.70,LSTM
1995-05-09 12:00:00,1.33,2.03,0.83,0.70,LSTM
1995-04-16 09:00:00,0.33,1.66,0.87,0.70,LSTM
1995-05-15 12:00:00,1.00,0.48,0.85,0.70,LSTM
1995-04-27 15:00:00,3.00,4.26,0.81,0.70,LSTM
1995-05-21 00:00:00,1.67,2.58,0.81,0.70,LSTM
1995-05-27 00:00:00,1.67,2.40,0.81,0.70,LSTM
1995-05-04 18:00:00,4.33,3.46,0.81,0.70,LSTM
1995-04-21 21:00:00,1.00,0.79,0.81,0.70,LSTM
1995-04-05 09:00:00,2.00,1.57,0.81,0.70,LSTM
1995-04-12 06:00:00,2.33,1.52,0.81,0.70,LSTM
1995-04-12 09:00:00,-1.00,-1.00,-1.00,0.70,LSTM
1995-04-16 12:00:00,0.33,2.32,0.83,0.70,LSTM
1995-05-09 15:00:00,3.33,1.99,0.82,0.70,LSTM
1995-05-15 15:00:00,1.33,1.09,0.83,0.70,LSTM
1995-04-27 18:00:00,1.33,3.30,0.83,0.70,LSTM
1995-05-21 03:00:00,0.67,2.30,0.81,0.70,LSTM
1995-05-21 06:00:00,-1.00,-1.00,-1.00,0.70,LSTM
1995-05-21 09:00:00,-1.00,-1.00,-1.00,0.70,LSTM
1995-04-22 00:00:00,0.33,0.76,0.84,0.70,LSTM
1995-05-04 21:00:00,4.33,4.51,0.81,0.70,LSTM
1995-05-27 03:00:00,1.33,2.22,0.82,0.70,LSTM
1995-04-05 12:00:00,1.67,1.77,0.81,0.70,LSTM
1995-04-05 15:00:00,-1.00,-1.00,-1.00,0.70,LSTM
1995-04-05 18:00:00,-1.00,-1.00,-1.00,0.70,LSTM
1995-04-05 21:00:00,-1.00,-1.00,-1.00,0.70,LSTM
1995-04-12 12:00:00,3.00,2.86,0.82,0.70,LSTM
1995-04-16 15:00:00,1.67,1.05,0.83,0.70,LSTM
1995-05-09 18:00:00,2.67,1.99,0.82,0.70,LSTM
1995-05-15 18:00:00,2.33,1.25,0.83,0.70,LSTM
1995-04-27 21:00:00,2.00,3.01,0.86,0.70,LSTM
1995-04-22 03:00:00,0.33,0.56,0.82,0.70,LSTM
1995-05-05 00:00:00,5.33,4.49,0.81,0.70,LSTM
1995-05-05 03:00:00,-1.00,-1.00,-1.00,0.70,LSTM
1995-05-21 12:00:00,0.67,2.02,0.81,0.70,LSTM
1995-05-27 06:00:00,1.67,2.13,0.81,0.70,LSTM
1995-04-06 00:00:00,1.33,1.38,0.82,0.70,LSTM
1995-04-12 15:00:00,3.00,2.32,0.82,0.70,LSTM
1995-04-12 18:00:00,-1.00,-1.00,-1.00,0.70,LSTM
1995-04-16 18:00:00,1.67,2.35,0.83,0.70,LSTM
1995-05-09 21:00:00,2.00,3.10,0.82,0.70,LSTM
1995-04-22 06:00:00,2.33,0.39,0.85,0.70,LSTM
1995-04-22 09:00:00,-1.00,-1.00,-1.00,0.70,LSTM
1995-04-22 12:00:00,-1.00,-1.00,-1.00,0.70,LSTM
1995-04-28 00:00:00,2.67,1.80,0.87,0.70,LSTM
1995-05-05 06:00:00,5.67,4.40,0.81,0.70,LSTM
1995-05-15 21:00:00,2.67,1.95,0.82,0.70,LSTM
1995-05-27 09:00:00,1.33,1.76,0.81,0.70,LSTM
1995-05-21 15:00:00,1.00,1.48,0.81,0.70,LSTM
1995-04-06 03:00:00,0.33,1.43,0.82,0.70,LSTM
1995-04-06 06:00:00,-1.00,-1.00,-1.00,0.70,LSTM
1995-04-06 09:00:00,-1.00,-1.00,-1.00,0.70,LSTM
1995-04-12 21:00:00,2.67,3.29,0.81,0.70,LSTM
1995-04-13 00:00:00,-1.00,-1.00,-1.00,0.70,LSTM
1995-04-16 21:00:00,3.00,2.76,0.85,0.70,LSTM
1995-04-22 15:00:00,4.33,1.31,0.86,0.70,LSTM
1995-05-10 00:00:00,2.00,2.26,0.81,0.70,LSTM
1995-04-28 03:00:00,3.00,2.57,0.87,0.70,LSTM
1995-05-05 09:00:00,5.00,4.10,0.83,0.70,LSTM
1995-05-05 12:00:00,-1.00,-1.00,-1.00,0.70,LSTM
1995-05-16 00:00:00,4.00,2.31,0.81,0.70,LSTM
1995-05-27 12:00:00,2.00,1.65,0.81,0.70,LSTM
1995-05-21 18:00:00,0.67,1.65,0.81,0.70,LSTM
1995-04-13 03:00:00,2.00,1.88,0.81,0.70,LSTM
1995-04-06 12:00:00,0.33,1.04,0.81,0.70,LSTM
1995-04-17 00:00:00,1.67,2.37,0.85,0.70,LSTM
1995-04-22 18:00:00,3.00,2.44,0.85,0.70,LSTM
1995-04-28 06:00:00,3.67,2.56,0.86,0.70,LSTM
1995-05-05 15:00:00,4.33,5.24,0.81,0.70,LSTM
1995-05-10 03:00:00,0.67,1.80,0.81,0.70,LSTM
1995-05-16 03:00:00,4.33,3.24,0.81,0.70,LSTM
1995-05-27 15:00:00,2.33,1.15,0.82,0.70,LSTM
1995-05-21 21:00:00,1.67,1.74,0.82,0.70,LSTM
1995-04-13 06:00:00,1.00,2.22,0.82,0.70,LSTM
1995-04-17 03:00:00,1.00,2.59,0.86,0.70,LSTM
1995-04-17 06:00:00,-1.00,-1.00,-1.00,0.70,LSTM
1995-04-06 15:00:00,2.00,0.50,0.81,0.70,LSTM
1995-04-06 18:00:00,-1.00,-1.00,-1.00,0.70,LSTM
1995-04-06 21:00:00,-1.00,-1.00,-1.00,0.70,LSTM
1995-04-07 00:00:00,-1.00,-1.00,-1.00,0.70,LSTM
1995-04-22 21:00:00,3.67,2.92,0.83,0.70,LSTM
1995-05-05 18:00:00,4.33,4.72,0.82,0.70,LSTM
1995-04-28 09:00:00,3.33,3.20,0.86,0.70,LSTM
1995-05-10 06:00:00,1.33,1.73,0.81,0.70,LSTM
1995-05-16 06:00:00,4.67,2.76,0.83,0.70,LSTM
1995-04-17 09:00:00,0.33,2.50,0.84,0.70,LSTM
1995-05-27 18:00:00,0.33,1.56,0.81,0.70,LSTM
1995-04-13 09:00:00,0.67,2.52,0.81,0.70,LSTM
1995-05-22 00:00:00,2.33,1.22,0.81,0.70,LSTM
1995-04-07 03:00:00,6.00,0.68,0.81,0.70,LSTM
1995-04-07 06:00:00,-1.00,-1.00,-1.00,0.70,LSTM
1995-04-23 00:00:00,3.00,3.51,0.86,0.70,LSTM
1995-04-28 12:00:00,2.33,3.62,0.81,0.70,LSTM
1995-05-05 21:00:00,5.33,3.96,0.82,0.70,LSTM
1995-05-10 09:00:00,1.67,1.43,0.82,0.70,LSTM
1995-05-10 12:00:00,-1.00,-1.00,-1.00,0.70,LSTM
1995-05-10 15:00:00,-1.00,-1.00,-1.00,0.70,LSTM
1995-04-17 12:00:00,1.00,2.02,0.86,0.70,LSTM
1995-04-13 12:00:00,1.67,1.62,0.81,0.70,LSTM
1995-05-16 09:00:00,6.00,4.00,0.82,0.70,LSTM
1995-05-27 21:00:00,1.67,1.75,0.81,0.70,LSTM
1995-05-22 03:00:00,1.33,1.61,0.81,0.70,LSTM
1995-04-07 09:00:00,7.00,1.80,0.81,0.70,LSTM
1995-04-07 12:00:00,-1.00,-1.00,-1.00,0.70,LSTM
1995-04-23 03:00:00,3.33,3.09,0.85,0.70,LSTM
1995-04-28 15:00:00,1.67,3.09,0.81,0.70,LSTM
1995-05-06 00:00:00,3.33,3.71,0.81,0.70,LSTM
1995-05-10 18:00:00,1.33,1.56,0.81,0.70,LSTM
1995-04-13 15:00:00,1.33,2.09,0.81,0.70,LSTM
1995-04-17 15:00:00,0.67,1.61,0.87,0.70,LSTM
1995-05-16 12:00:00,5.33,5.76,0.84,0.70,LSTM
1995-05-22 06:00:00,1.33,1.96,0.81,0.70,LSTM
1995-05-28 00:00:00,2.00,1.52,0.82,0.70,LSTM
1995-04-07 15:00:00,7.33,3.64,0.87,0.70,LSTM
1995-04-07 18:00:00,-1.00,-1.00,-1.00,0.70,LSTM
1995-04-07 21:00:00,-1.00,-1.00,-1.00,0.70,LSTM
1995-04-23 06:00:00,3.67,2.69,0.86,0.70,LSTM
1995-04-23 09:00:00,-1.00,-1.00,-1.00,0.70,LSTM
1995-04-23 12:00:00,-1.00,-1.00,-1.00,0.70,LSTM
1995-05-06 03:00:00,5.00,4.07,0.81,0.70,LSTM
1995-04-28 18:00:00,1.33,2.71,0.81,0.70,LSTM
1995-04-13 18:00:00,2.33,1.65,0.81,0.70,LSTM
1995-04-17 18:00:00,1.00,0.90,0.85,0.70,LSTM
1995-04-17 21:00:00,-1.00,-1.00,-1.00,0.70,LSTM
1995-05-10 21:00:00,2.33,2.33,0.82,0.70,LSTM
1995-05-16 15:00:00,5.33,5.05,0.84,0.70,LSTM
1995-05-22 09:00:00,1.67,1.76,0.81,0.70,LSTM
1995-05-28 03:00:00,1.67,1.58,0.81,0.70,LSTM
1995-04-23 15:00:00,3.00,3.17,0.85,0.70,LSTM
1995-04-23 18:00:00,-1.00,-1.00,-1.00,0.70,LSTM
1995-06-01 00:00:00,4.00,3.31,0.81,0.70,LSTM
1995-05-06 06:00:00,4.67,3.83,0.82,0.70,LSTM
1995-05-06 09:00:00,-1.00,-1.00,-1.00,0.70,LSTM
1995-04-28 21:00:00,2.33,2.41,0.81,0.70,LSTM
1995-04-13 21:00:00,2.67,2.54,0.82,0.70,LSTM
1995-04-18 00:00:00,1.33,1.12,0.83,0.70,LSTM
1995-05-11 00:00:00,1.67,1.65,0.82,0.70,LSTM
1995-05-16 18:00:00,5.33,2.92,0.84,0.70,LSTM
1995-05-28 06:00:00,1.33,1.89,0.81,0.70,LSTM
1995-05-22 12:00:00,1.00,1.71,0.81,0.70,LSTM
1995-04-23 21:00:00,4.00,3.43,0.86,0.70,LSTM
1995-06-01 03:00:00,3.67,3.43,0.81,0.70,LSTM
1995-04-29 00:00:00,2.00,2.12,0.81,0.70,LSTM
1995-05-06 12:00:00,2.33,3.83,0.81,0.70,LSTM
1995-05-06 15:00:00,-1.00,-1.00,-1.00,0.70,LSTM
1995-04-18 03:00:00,1.33,2.16,0.81,0.70,LSTM
1995-06-07 00:00:00,0.67,1.44,0.82,0.70,LSTM
1995-05-11 03:00:00,1.67,2.15,0.81,0.70,LSTM
1995-05-16 21:00:00,4.67,3.13,0.82,0.70,LSTM
1995-04-24 00:00:00,5.00,2.25,0.84,0.70,LSTM
1995-05-28 09:00:00,2.33,1.73,0.81,0.70,LSTM
1995-05-22 15:00:00,0.67,1.93,0.82,0.70,LSTM
1995-06-01 06:00:00,3.33,3.32,0.82,0.70,LSTM
1995-04-29 03:00:00,1.67,2.34,0.81,0.70,LSTM
1995-04-29 06:00:00,-1.00,-1.00,-1.00,0.70,LSTM
1995-05-06 18:00:00,2.67,3.75,0.81,0.70,LSTM
1995-04-18 06:00:00,2.33,1.53,0.82,0.70,LSTM
1995-04-24 03:00:00,4.33,3.80,0.87,0.70,LSTM
1995-05-11 06:00:00,1.33,1.60,0.81,0.70,LSTM
1995-06-07 03:00:00,1.33,1.04,0.81,0.70,LSTM
1995-05-17 00:00:00,5.67,3.98,0.81,0.70,LSTM
1995-05-28 12:00:00,1.67,1.70,0.81,0.70,LSTM
1995-05-22 18:00:00,2.33,1.47,0.82,0.70,LSTM
1995-04-29 09:00:00,2.67,2.23,0.81,0.70,LSTM
1995-05-06 21:00:00,2.33,4.01,0.81,0.70,LSTM
1995-06-01 09:00:00,4.00,3.35,0.82,0.70,LSTM
1995-04-18 09:00:00,1.67,1.22,0.81,0.70,LSTM
1995-04-24 06:00:00,2.33,3.65,0.87,0.70,LSTM
1995-05-11 09:00:00,1.67,1.87,0.81,0.70,LSTM
1995-05-17 03:00:00,4.67,3.71,0.87,0.70,LSTM
1995-05-22 21:00:00,2.00,1.44,0.82,0.70,LSTM
1995-05-28 15:00:00,1.33,1.81,0.81,0.70,LSTM
1995-06-07 06:00:00,1.33,0.81,0.81,0.70,LSTM
1995-04-29 12:00:00,1.67,1.89,0.81,0.70,LSTM
1995-04-18 12:00:00,2.00,1.08,0.82,0.70,LSTM
1995-05-07 00:00:00,3.33,3.92,0.81,0.70,LSTM
1995-06-01 12:00:00,4.67,4.09,0.81,0.70,LSTM
1995-04-24 09:00:00,2.67,3.57,0.87,0.70,LSTM
1995-05-11 12:00:00,1.33,2.50,0.84,0.70,LSTM
1995-05-11 15:00:00,-1.00,-1.00,-1.00,0.70,LSTM
1995-05-17 06:00:00,4.00,4.12,0.88,0.70,LSTM
1995-05-28 18:00:00,2.00,1.46,0.82,0.70,LSTM
1995-05-23 00:00:00,1.00,1.93,0.82,0.70,LSTM
1995-06-07 09:00:00,1.00,1.09,0.81,0.70,LSTM
1995-04-18 15:00:00,2.00,1.52,0.83,0.70,LSTM
1995-04-29 15:00:00,2.00,1.64,0.82,0.70,LSTM
1995-05-07 03:00:00,4.00,3.61,0.81,0.70,LSTM
1995-04-24 12:00:00,4.00,2.89,0.85,0.70,LSTM
1995-06-01 15:00:00,3.67,4.57,0.82,0.70,LSTM
1995-05-17 09:00:00,2.67,3.37,0.88,0.70,LSTM
1995-05-17 12:00:00,-1.00,-1.00,-1.00,0.70,LSTM
1995-05-11 18:00:00,1.33,1.89,0.81,0.70,LSTM
1995-05-23 03:00:00,1.00,1.85,0.82,0.70,LSTM
1995-05-28 21:00:00,1.00,1.56,0.82,0.70,LSTM
1995-04-18 18:00:00,1.33,1.66,0.83,0.70,LSTM
1995-04-18 21:00:00,-1.00,-1.00,-1.00,0.70,LSTM
1995-04-29 18:00:00,2.00,1.44,0.81,0.70,LSTM
1995-06-07 12:00:00,1.33,1.20,0.82,0.70,LSTM
1995-05-07 06:00:00,4.00,4.16,0.81,0.70,LSTM
1995-04-24 15:00:00,4.33,3.07,0.86,0.70,LSTM
1995-06-01 18:00:00,3.00,4.33,0.81,0.70,LSTM
1995-05-17 15:00:00,3.67,2.86,0.87,0.70,LSTM
1995-05-11 21:00:00,2.33,1.83,0.84,0.70,LSTM
1995-05-23 06:00:00,1.33,1.47,0.81,0.70,LSTM
1995-05-23 09:00:00,-1.00,-1.00,-1.00,0.70,LSTM
1995-05-29 00:00:00,1.67,1.60,0.81,0.70,LSTM
1995-04-19 00:00:00,2.33,2.30,0.81,0.70,LSTM
1995-04-29 21:00:00,1.33,2.07,0.82,0.70,LSTM
1995-04-24 18:00:00,3.33,3.90,0.87,0.70,LSTM
1995-05-07 09:00:00,4.00,4.70,0.82,0.70,LSTM
1995-06-07 15:00:00,1.67,1.67,0.82,0.70,LSTM
1995-05-17 18:00:00,3.00,3.13,0.79,0.70,LSTM
1995-06-01 21:00:00,3.33,6.32,0.81,0.70,LSTM
1995-04-19 03:00:00,2.33,2.35,0.84,0.70,LSTM
1995-05-12 00:00:00,1.67,2.10,0.82,0.70,LSTM
1995-05-23 12:00:00,3.33,1.64,0.81,0.70,LSTM
1995-05-29 03:00:00,1.00,1.71,0.81,0.70,LSTM
1995-04-30 00:00:00,0.67,1.32,0.81,0.70,LSTM
1995-04-24 21:00:00,4.67,4.36,0.87,0.70,LSTM
1995-05-07 12:00:00,3.00,4.08,0.81,0.70,LSTM
1995-06-07 18:00:00,2.33,1.87,0.82,0.70,LSTM
1995-04-19 06:00:00,1.00,1.33,0.86,0.70,LSTM
1995-05-17 21:00:00,2.33,3.56,0.87,0.70,LSTM
1995-05-18 00:00:00,-1.00,-1.00,-1.00,0.70,LSTM
1995-05-12 03:00:00,1.67,1.76,0.81,0.70,LSTM
1995-05-23 15:00:00,5.00,2.75,0.81,0.70,LSTM
1995-06-02 00:00:00,4.00,3.11,0.81,0.70,LSTM
1995-04-30 03:00:00,0.67,1.95,0.81,0.70,LSTM
1995-05-29 06:00:00,1.33,1.64,0.81,0.70,LSTM
1995-04-25 00:00:00,4.67,4.17,0.82,0.70,LSTM
1995-04-25 03:00:00,-1.00,-1.00,-1.00,0.70,LSTM
1995-05-07 15:00:00,4.00,3.87,0.81,0.70,LSTM
1995-06-07 21:00:00,1.33,2.18,0.81,0.70,LSTM
1995-04-19 09:00:00,0.67,1.68,0.84,0.70,LSTM
1995-05-18 03:00:00,1.67,2.67,0.81,0.70,LSTM
1995-05-23 18:00:00,5.67,2.98,0.85,0.70,LSTM
1995-05-12 06:00:00,1.33,1.82,0.85,0.70,LSTM
1995-04-30 06:00:00,0.67,1.33,0.81,0.70,LSTM
1995-05-29 09:00:00,2.67,1.73,0.82,0.70,LSTM
1995-06-02 03:00:00,3.00,4.22,0.81,0.70,LSTM
1995-04-25 06:00:00,2.00,3.79,0.82,0.70,LSTM
1995-04-25 09:00:00,-1.00,-1.00,-1.00,0.70,LSTM
1995-05-07 18:00:00,4.67,4.30,0.81,0.70,LSTM
1995-04-19 12:00:00,1.00,1.68,0.83,0.70,LSTM
1995-06-08 00:00:00,1.67,2.12,0.81,0.70,LSTM
1995-05-18 06:00:00,2.00,2.16,0.81,0.70,LSTM
1995-05-23 21:00:00,3.33,5.00,0.83,0.70,LSTM
1995-05-12 09:00:00,2.33,1.37,0.82,0.70,LSTM
1995-04-30 09:00:00,0.67,1.33,0.81,0.70,LSTM
1995-04-25 12:00:00,2.67,2.06,0.80,0.70,LSTM
1995-05-29 12:00:00,2.00,3.02,0.81,0.70,LSTM
1995-06-02 06:00:00,3.00,3.95,0.81,0.70,LSTM
1995-05-07 21:00:00,4.33,3.96,0.82,0.70,LSTM
1995-04-19 15:00:00,1.67,0.84,0.83,0.70,LSTM
1995-06-08 03:00:00,0.67,2.39,0.81,0.70,LSTM
1995-05-18 09:00:00,3.00,1.78,0.81,0.70,LSTM
1995-05-24 00:00:00,5.33,4.72,0.81,0.70,LSTM
1995-05-12 12:00:00,1.67,1.49,0.81,0.70,LSTM
1995-04-30 12:00:00,0.33,0.39,0.81,0.70,LSTM
1995-04-25 15:00:00,2.67,2.43,0.81,0.70,LSTM
1995-05-29 15:00:00,2.33,3.29,0.82,0.70,LSTM
1995-06-02 09:00:00,3.33,3.51,0.81,0.70,LSTM
1995-04-19 18:00:00,2.00,0.54,0.81,0.70,LSTM
1995-06-13 00:00:00,0.33,1.87,0.81,0.70,LSTM
1995-05-18 12:00:00,1.67,2.12,0.82,0.70,LSTM
1995-05-24 03:00:00,4.67,6.30,0.82,0.70,LSTM
1995-06-08 06:00:00,0.67,2.20,0.81,0.70,LSTM
1995-04-30 15:00:00,1.33,0.58,0.81,0.70,LSTM
1995-04-25 18:00:00,1.67,3.27,0.82,0.70,LSTM
1995-05-12 15:00:00,2.00,1.52,0.82,0.70,LSTM
1995-05-29 18:00:00,1.67,2.86,0.82,0.70,LSTM
1995-04-19 21:00:00,1.67,1.61,0.86,0.70,LSTM
1995-06-02 12:00:00,3.67,3.33,0.81,0.70,LSTM
1995-06-13 03:00:00,0.67,0.38,0.82,0.70,LSTM
1995-05-18 15:00:00,2.67,2.31,0.81,0.70,LSTM
1995-04-25 21:00:00,3.00,2.36,0.83,0.70,LSTM
1995-05-24 06:00:00,4.33,4.83,0.82,0.70,LSTM
1995-05-12 18:00:00,1.00,2.31,0.81,0.70,LSTM
1995-04-30 18:00:00,2.00,1.34,0.81,0.70,LSTM
1995-06-08 09:00:00,0.33,2.00,0.81,0.70,LSTM
1995-05-29 21:00:00,2.33,2.38,0.82,0.70,LSTM
1995-06-19 00:00:00,4.00,1.96,0.81,0.70,LSTM
1995-06-02 15:00:00,2.67,3.11,0.81,0.70,LSTM
1995-06-13 06:00:00,0.67,1.45,0.81,0.70,LSTM
1995-05-18 18:00:00,3.67,2.23,0.81,0.70,LSTM
1995-04-30 21:00:00,0.00,1.23,0.81,0.70,LSTM
1995-05-24 09:00:00,3.00,4.13,0.81,0.70,LSTM
1995-05-12 21:00:00,1.33,2.41,0.82,0.70,LSTM
1995-06-25 00:00:00,1.00,1.27,0.81,0.70,LSTM
1995-06-08 12:00:00,0.67,2.22,0.81,0.70,LSTM
1995-05-30 00:00:00,4.33,2.54,0.82,0.70,LSTM
1995-06-02 18:00:00,3.00,2.78,0.81,0.70,LSTM
1995-06-19 03:00:00,4.00,2.73,0.85,0.70,LSTM
1995-05-18 21:00:00,2.33,2.22,0.84,0.70,LSTM
1995-06-13 09:00:00,0.33,0.84,0.81,0.70,LSTM
1995-05-01 00:00:00,0.67,1.42,0.81,0.70,LSTM
1995-05-24 12:00:00,3.67,3.30,0.87,0.70,LSTM
1995-05-13 00:00:00,2.33,1.75,0.81,0.70,LSTM
1995-06-25 03:00:00,1.33,1.03,0.81,0.70,LSTM
1995-05-30 03:00:00,4.67,2.79,0.81,0.70,LSTM
1995-06-08 15:00:00,0.67,0.55,0.86,0.70,LSTM
1995-06-02 21:00:00,3.67,3.19,0.81,0.70,LSTM
1995-05-19 00:00:00,2.67,2.43,0.82,0.70,LSTM
1995-06-19 06:00:00,4.33,3.49,0.83,0.70,LSTM
1995-05-01 03:00:00,0.33,0.78,0.81,0.70,LSTM
1995-05-13 03:00:00,2.00,2.42,0.81,0.70,LSTM
1995-05-24 15:00:00,2.67,3.35,0.82,0.70,LSTM
1995-05-13 06:00:00,-1.00,-1.00,-1.00,0.70,LSTM
1995-06-13 12:00:00,0.33,0.34,0.82,0.70,LSTM
1995-06-25 06:00:00,1.67,0.90,0.81,0.70,LSTM
1995-05-30 06:00:00,5.67,3.61,0.82,0.70,LSTM
1995-06-08 18:00:00,0.33,1.31,0.83,0.70,LSTM
1995-05-19 03:00:00,3.67,2.82,0.81,0.70,LSTM
1995-06-03 00:00:00,4.67,3.27,0.81,0.70,LSTM
1995-06-19 09:00:00,5.67,5.14,0.82,0.70,LSTM
1995-05-01 06:00:00,0.33,1.11,0.81,0.70,LSTM
1995-05-01 09:00:00,-1.00,-1.00,-1.00,0.70,LSTM
1995-05-24 18:00:00,2.67,1.99,0.86,0.70,LSTM
1995-05-01 12:00:00,-1.00,-1.00,-1.00,0.70,LSTM
1995-05-13 09:00:00,3.33,3.26,0.81,0.70,LSTM
1995-06-13 15:00:00,0.67,0.35,0.82,0.70,LSTM
1995-06-25 09:00:00,4.00,1.06,0.82,0.70,LSTM
1995-05-30 09:00:00,5.67,5.64,0.81,0.70,LSTM
1995-06-08 21:00:00,0.67,1.27,0.83,0.70,LSTM
1995-05-19 06:00:00,2.33,3.02,0.81,0.70,LSTM
1995-06-03 03:00:00,4.33,3.41,0.82,0.70,LSTM
1995-05-01 15:00:00,0.67,1.14,0.81,0.70,LSTM
1995-05-24 21:00:00,3.00,2.85,0.85,0.70,LSTM
1995-05-01 18:00:00,-1.00,-1.00,-1.00,0.70,LSTM
1995-05-13 12:00:00,2.67,5.77,0.81,0.70,LSTM
1995-06-19 12:00:00,3.33,6.03,0.87,0.70,LSTM
1995-06-13 18:00:00,0.67,0.32,0.82,0.70,LSTM
1995-05-30 12:00:00,4.00,6.13,0.83,0.70,LSTM
1995-06-25 12:00:00,4.33,2.01,0.81,0.70,LSTM
1995-06-09 00:00:00,0.67,0.63,0.86,0.70,LSTM
1995-05-19 09:00:00,2.00,3.28,0.81,0.70,LSTM
1995-05-01 21:00:00,2.67,1.08,0.81,0.70,LSTM
1995-05-25 00:00:00,3.67,2.42,0.81,0.70,LSTM
1995-05-13 15:00:00,1.33,2.65,0.81,0.70,LSTM
1995-06-03 06:00:00,3.67,3.22,0.81,0.70,LSTM
1995-06-19 15:00:00,4.33,6.11,0.88,0.70,LSTM
1995-06-13 21:00:00,0.33,0.83,0.85,0.70,LSTM
1995-05-30 15:00:00,5.00,5.37,0.87,0.70,LSTM
1995-06-25 15:00:00,4.67,2.18,0.81,0.70,LSTM
1995-05-19 12:00:00,2.00,2.98,0.82,0.70,LSTM
1995-06-09 03:00:00,1.00,0.72,0.84,0.70,LSTM
1995-05-25 03:00:00,2.00,2.63,0.82,0.70,LSTM
1995-05-13 18:00:00,2.00,1.58,0.81,0.70,LSTM
1995-07-01 00:00:00,3.00,3.51,0.82,0.70,LSTM
1995-06-03 09:00:00,3.00,3.90,0.81,0.70,LSTM
1995-06-19 18:00:00,3.00,4.43,0.89,0.70,LSTM
1995-06-14 00:00:00,0.00,0.43,0.83,0.70,LSTM
1995-05-30 18:00:00,3.67,5.60,0.87,0.70,LSTM
1995-05-19 15:00:00,3.00,2.72,0.81,0.70,LSTM
1995-06-25 18:00:00,3.33,3.53,0.82,0.70,LSTM
1995-06-09 06:00:00,1.33,1.50,0.82,0.70,LSTM
1995-05-13 21:00:00,1.67,2.80,0.81,0.70,LSTM
1995-05-25 06:00:00,1.33,2.58,0.85,0.70,LSTM
1995-06-03 12:00:00,3.00,3.69,0.82,0.70,LSTM
1995-07-01 03:00:00,2.67,2.13,0.82,0.70,LSTM
1995-06-19 21:00:00,2.33,3.58,0.89,0.70,LSTM
1995-05-30 21:00:00,4.33,5.00,0.83,0.70,LSTM
1995-06-14 03:00:00,0.67,0.57,0.81,0.70,LSTM
1995-05-19 18:00:00,2.33,2.31,0.81,0.70,LSTM
1995-06-25 21:00:00,4.33,3.87,0.82,0.70,LSTM
1995-05-25 09:00:00,2.67,1.98,0.82,0.70,LSTM
1995-06-09 09:00:00,1.33,1.20,0.82,0.70,LSTM
1995-07-07 00:00:00,2.33,1.13,0.83,0.70,LSTM
1995-06-03 15:00:00,3.67,3.40,0.81,0.70,LSTM
1995-07-01 06:00:00,2.00,2.16,0.81,0.70,LSTM
1995-05-31 00:00:00,3.33,4.10,0.87,0.70,LSTM
1995-06-20 00:00:00,5.00,2.05,0.86,0.70,LSTM
1995-05-19 21:00:00,3.00,2.69,0.82,0.70,LSTM
1995-06-14 06:00:00,1.33,0.93,0.81,0.70,LSTM
1995-05-25 12:00:00,2.33,1.73,0.81,0.70,LSTM
1995-06-26 00:00:00,4.00,2.77,0.82,0.70,LSTM
1995-06-09 12:00:00,1.67,2.27,0.82,0.70,LSTM
1995-07-07 03:00:00,0.67,1.44,0.83,0.70,LSTM
1995-06-03 18:00:00,3.00,3.55,0.82,0.70,LSTM
1995-07-01 09:00:00,1.67,1.30,0.81,0.70,LSTM
1995-05-31 03:00:00,3.67,3.50,0.87,0.70,LSTM
1995-06-20 03:00:00,4.33,3.74,0.83,0.70,LSTM
1995-07-13 00:00:00,2.00,1.28,0.82,0.70,LSTM
1995-06-14 09:00:00,1.67,1.37,0.81,0.70,LSTM
1995-05-25 15:00:00,3.00,2.23,0.81,0.70,LSTM
1995-06-26 03:00:00,3.33,3.62,0.81,0.70,LSTM
1995-06-09 15:00:00,1.67,1.69,0.85,0.70,LSTM
1995-07-07 06:00:00,0.67,1.41,0.85,0.70,LSTM
1995-06-03 21:00:00,2.00,3.16,0.82,0.70,LSTM
1995-07-01 12:00:00,1.33,1.64,0.82,0.70,LSTM
1995-05-31 06:00:00,4.00,3.92,0.83,0.70,LSTM
1995-05-25 18:00:00,1.67,2.00,0.81,0.70,LSTM
1995-06-14 12:00:00,1.67,1.58,0.81,0.70,LSTM
1995-07-13 03:00:00,1.67,1.83,0.82,0.70,LSTM
1995-06-20 06:00:00,2.67,4.11,0.88,0.70,LSTM
1995-06-26 06:00:00,2.67,2.65,0.81,0.70,LSTM
1995-06-09 18:00:00,1.67,1.92,0.86,0.70,LSTM
1995-07-07 09:00:00,1.33,1.80,0.83,0.70,LSTM
1995-06-04 00:00:00,1.00,3.35,0.81,0.70,LSTM
1995-06-04 03:00:00,-1.00,-1.00,-1.00,0.70,LSTM
1995-07-01 15:00:00,1.67,1.82,0.81,0.70,LSTM
1995-05-31 09:00:00,4.33,3.30,0.81,0.70,LSTM
1995-05-25 21:00:00,2.00,2.23,0.82,0.70,LSTM
1995-06-14 15:00:00,2.67,1.14,0.81,0.70,LSTM
1995-06-20 09:00:00,3.00,3.26,0.87,0.70,LSTM
1995-07-13 06:00:00,1.33,1.65,0.83,0.70,LSTM
1995-06-09 21:00:00,2.67,2.61,0.86,0.70,LSTM
1995-06-26 09:00:00,2.00,2.03,0.82,0.70,LSTM
1995-07-07 12:00:00,1.00,2.14,0.82,0.70,LSTM
1995-06-04 06:00:00,1.67,2.80,0.82,0.70,LSTM
1995-05-31 12:00:00,4.67,3.65,0.81,0.70,LSTM
1995-07-01 18:00:00,2.00,2.41,0.84,0.70,LSTM
1995-07-19 00:00:00,2.33,1.39,0.83,0.70,LSTM
1995-06-20 12:00:00,4.00,2.85,0.89,0.70,LSTM
1995-06-14 18:00:00,2.33,1.31,0.82,0.70,LSTM
1995-07-13 09:00:00,1.00,1.19,0.84,0.70,LSTM
1995-06-10 00:00:00,3.33,2.25,0.85,0.70,LSTM
1995-06-26 12:00:00,2.33,2.39,0.82,0.70,LSTM
1995-07-07 15:00:00,1.00,2.27,0.86,0.70,LSTM
1995-07-07 18:00:00,-1.00,-1.00,-1.00,0.70,LSTM
1995-05-31 15:00:00,5.00,3.58,0.83,0.70,LSTM
1995-06-04 09:00:00,1.67,2.97,0.81,0.70,LSTM
1995-07-01 21:00:00,2.33,2.02,0.85,0.70,LSTM
1995-07-19 03:00:00,2.67,1.83,0.81,0.70,LSTM
1995-06-20 15:00:00,2.67,3.33,0.87,0.70,LSTM
1995-06-14 21:00:00,1.33,1.25,0.84,0.70,LSTM
1995-07-13 12:00:00,1.33,1.50,0.88,0.70,LSTM
1995-06-10 03:00:00,2.33,2.37,0.81,0.70,LSTM
1995-06-26 15:00:00,3.00,2.85,0.81,0.70,LSTM
1995-07-07 21:00:00,0.67,1.20,0.81,0.70,LSTM
1995-05-31 18:00:00,3.33,3.53,0.82,0.70,LSTM
1995-06-04 12:00:00,2.33,2.42,0.81,0.70,LSTM
1995-07-02 00:00:00,0.67,2.10,0.85,0.70,LSTM
1995-07-19 06:00:00,2.00,1.78,0.81,0.70,LSTM
1995-06-20 18:00:00,2.33,2.89,0.84,0.70,LSTM
1995-06-15 00:00:00,1.67,1.19,0.84,0.70,LSTM
1995-07-13 15:00:00,1.33,0.49,0.85,0.70,LSTM
1995-07-13 18:00:00,-1.00,-1.00,-1.00,0.70,LSTM
1995-07-13 21:00:00,-1.00,-1.00,-1.00,0.70,LSTM
1995-07-14 00:00:00,-1.00,-1.00,-1.00,0.70,LSTM
1995-06-10 06:00:00,2.33,3.04,0.85,0.70,LSTM
1995-06-26 18:00:00,3.00,2.43,0.81,0.70,LSTM
1995-06-26 21:00:00,-1.00,-1.00,-1.00,0.70,LSTM
1995-05-31 21:00:00,4.33,3.94,0.83,0.70,LSTM
1995-07-08 00:00:00,1.00,0.79,0.84,0.70,LSTM
1995-06-04 15:00:00,2.00,2.05,0.82,0.70,LSTM
1995-07-02 03:00:00,0.67,1.28,0.83,0.70,LSTM
1995-07-19 09:00:00,1.33,2.09,0.81,0.70,LSTM
1995-06-15 03:00:00,1.67,1.37,0.86,0.70,LSTM
1995-06-20 21:00:00,2.67,2.64,0.82,0.70,LSTM
1995-07-14 03:00:00,0.67,1.44,0.87,0.70,LSTM
1995-06-10 09:00:00,1.33,2.39,0.84,0.70,LSTM
1995-06-27 00:00:00,1.67,2.68,0.83,0.70,LSTM
1995-07-25 00:00:00,2.67,2.88,0.84,0.70,LSTM
1995-06-04 18:00:00,1.67,1.88,0.81,0.70,LSTM
1995-07-08 03:00:00,1.33,1.01,0.83,0.70,LSTM
1995-07-19 12:00:00,1.00,1.50,0.81,0.70,LSTM
1995-07-02 06:00:00,1.00,1.32,0.87,0.70,LSTM
1995-06-15 06:00:00,1.33,1.16,0.86,0.70,LSTM
1995-07-14 06:00:00,1.33,1.27,0.85,0.70,LSTM
1995-06-21 00:00:00,3.33,2.29,0.81,0.70,LSTM
1995-06-10 12:00:00,1.67,2.48,0.85,0.70,LSTM
1995-06-27 03:00:00,2.33,2.19,0.83,0.70,LSTM
1995-07-25 03:00:00,1.33,2.17,0.82,0.70,LSTM
1995-06-04 21:00:00,2.00,1.96,0.81,0.70,LSTM
1995-07-08 06:00:00,1.33,0.75,0.81,0.70,LSTM
1995-07-19 15:00:00,2.33,1.56,0.81,0.70,LSTM
1995-07-02 09:00:00,1.00,1.74,0.86,0.70,LSTM
1995-07-14 09:00:00,1.00,1.71,0.85,0.70,LSTM
1995-06-15 09:00:00,1.67,0.97,0.85,0.70,LSTM
1995-06-21 03:00:00,2.33,3.43,0.81,0.70,LSTM
1995-06-10 15:00:00,0.67,1.71,0.83,0.70,LSTM
1995-06-27 06:00:00,1.33,2.28,0.82,0.70,LSTM
1995-06-05 00:00:00,1.67,1.72,0.81,0.70,LSTM
1995-07-25 06:00:00,1.33,1.82,0.83,0.70,LSTM
1995-07-08 09:00:00,2.33,0.97,0.83,0.70,LSTM
1995-07-19 18:00:00,3.67,1.51,0.82,0.70,LSTM
1995-07-02 12:00:00,1.33,1.93,0.87,0.70,LSTM
1995-07-14 12:00:00,2.33,1.32,0.82,0.70,LSTM
1995-06-15 12:00:00,1.33,1.02,0.87,0.70,LSTM
1995-06-21 06:00:00,2.33,3.06,0.81,0.70,LSTM
1995-06-10 18:00:00,1.00,1.30,0.82,0.70,LSTM
1995-06-05 03:00:00,1.33,2.06,0.81,0.70,LSTM
1995-06-27 09:00:00,0.67,2.21,0.87,0.70,LSTM
1995-07-25 09:00:00,0.67,1.74,0.82,0.70,LSTM
1995-07-08 12:00:00,1.33,1.05,0.87,0.70,LSTM
1995-07-19 21:00:00,3.00,1.76,0.83,0.70,LSTM
1995-07-02 15:00:00,2.33,2.29,0.84,0.70,LSTM
1995-07-14 15:00:00,2.67,1.32,0.88,0.70,LSTM
1995-06-15 15:00:00,1.67,1.02,0.81,0.70,LSTM
1995-06-21 09:00:00,2.33,2.82,0.82,0.70,LSTM
1995-06-10 21:00:00,2.33,1.02,0.83,0.70,LSTM
1995-07-25 12:00:00,1.00,1.12,0.88,0.70,LSTM
1995-07-25 15:00:00,-1.00,-1.00,-1.00,0.70,LSTM
1995-07-25 18:00:00,-1.00,-1.00,-1.00,0.70,LSTM
1995-06-05 06:00:00,0.67,1.70,0.81,0.70,LSTM
1995-06-27 12:00:00,1.00,1.28,0.85,0.70,LSTM
1995-07-08 15:00:00,1.00,1.02,0.84,0.70,LSTM
1995-07-20 00:00:00,2.33,1.88,0.81,0.70,LSTM
1995-07-02 18:00:00,1.33,1.75,0.86,0.70,LSTM
1995-07-14 18:00:00,2.33,2.19,0.88,0.70,LSTM
1995-06-15 18:00:00,1.33,1.18,0.81,0.70,LSTM
1995-06-21 12:00:00,2.33,2.75,0.81,0.70,LSTM
1995-06-11 00:00:00,2.33,1.36,0.83,0.70,LSTM
1995-07-25 21:00:00,1.67,0.66,0.88,0.70,LSTM
1995-06-05 09:00:00,1.00,0.99,0.82,0.70,LSTM
1995-06-27 15:00:00,1.33,1.25,0.81,0.70,LSTM
1995-07-20 03:00:00,1.67,1.94,0.81,0.70,LSTM
1995-07-08 18:00:00,0.33,1.37,0.82,0.70,LSTM
1995-07-02 21:00:00,2.67,2.51,0.87,0.70,LSTM
1995-07-14 21:00:00,1.67,2.27,0.84,0.70,LSTM
1995-06-15 21:00:00,3.67,1.26,0.81,0.70,LSTM
1995-06-21 15:00:00,2.00,2.48,0.81,0.70,LSTM
1995-07-26 00:00:00,1.67,1.49,0.89,0.70,LSTM
1995-06-11 03:00:00,1.67,1.60,0.81,0.70,LSTM
1995-06-05 12:00:00,2.00,0.64,0.82,0.70,LSTM
1995-06-27 18:00:00,2.00,1.19,0.81,0.70,LSTM
1995-07-20 06:00:00,3.67,2.43,0.81,0.70,LSTM
1995-07-03 00:00:00,1.67,2.33,0.83,0.70,LSTM
1995-07-08 21:00:00,0.33,1.05,0.82,0.70,LSTM
1995-07-15 00:00:00,1.67,2.33,0.82,0.70,LSTM
1995-06-16 00:00:00,2.67,1.55,0.81,0.70,LSTM
1995-06-21 18:00:00,2.00,2.31,0.81,0.70,LSTM
1995-07-26 03:00:00,1.33,1.63,0.88,0.70,LSTM
1995-06-11 06:00:00,0.67,1.81,0.82,0.70,LSTM
1995-06-05 15:00:00,1.67,0.96,0.81,0.70,LSTM
1995-06-27 21:00:00,1.67,0.96,0.82,0.70,LSTM
1995-07-20 09:00:00,2.00,2.45,0.81,0.70,LSTM
1995-07-03 03:00:00,1.33,2.68,0.85,0.70,LSTM
1995-07-09 00:00:00,0.67,0.69,0.86,0.70,LSTM
1995-07-15 03:00:00,1.67,2.12,0.82,0.70,LSTM
1995-06-16 03:00:00,1.00,1.56,0.81,0.70,LSTM
1995-06-21 21:00:00,2.33,2.16,0.81,0.70,LSTM
1995-07-26 06:00:00,1.00,1.73,0.83,0.70,LSTM
1995-06-11 09:00:00,0.67,1.63,0.82,0.70,LSTM
1995-06-05 18:00:00,2.67,1.25,0.81,0.70,LSTM
1995-07-20 12:00:00,1.67,2.32,0.82,0.70,LSTM
1995-06-28 00:00:00,1.33,0.68,0.82,0.70,LSTM
1995-07-03 06:00:00,2.33,2.74,0.84,0.70,LSTM
1995-07-09 03:00:00,0.67,0.47,0.83,0.70,LSTM
1995-07-15 06:00:00,1.67,1.87,0.82,0.70,LSTM
1995-06-16 06:00:00,2.33,1.98,0.82,0.70,LSTM
1995-06-22 00:00:00,1.67,2.49,0.81,0.70,LSTM
1995-07-26 09:00:00,1.67,1.69,0.81,0.70,LSTM
1995-06-05 21:00:00,2.67,1.61,0.81,0.70,LSTM
1995-06-11 12:00:00,0.67,1.09,0.83,0.70,LSTM
1995-07-20 15:00:00,1.00,1.89,0.86,0.70,LSTM
1995-06-28 03:00:00,1.67,1.04,0.81,0.70,LSTM
1995-07-03 09:00:00,2.33,2.87,0.85,0.70,LSTM
1995-07-09 06:00:00,1.33,0.69,0.84,0.70,LSTM
1995-07-15 09:00:00,1.67,1.19,0.81,0.70,LSTM
1995-06-16 09:00:00,3.00,1.60,0.81,0.70,LSTM
1995-07-26 12:00:00,1.33,1.30,0.81,0.70,LSTM
1995-06-22 03:00:00,1.33,1.80,0.82,0.70,LSTM
1995-06-06 00:00:00,1.33,2.13,0.81,0.70,LSTM
1995-06-11 15:00:00,0.67,0.88,0.82,0.70,LSTM
1995-06-11 18:00:00,-1.00,-1.00,-1.00,0.70,LSTM
1995-07-20 18:00:00,1.00,1.94,0.85,0.70,LSTM
1995-06-28 06:00:00,1.67,1.23,0.81,0.70,LSTM
1995-07-03 12:00:00,1.00,2.06,0.84,0.70,LSTM
1995-07-09 09:00:00,2.67,1.07,0.84,0.70,LSTM
1995-07-15 12:00:00,1.33,1.44,0.82,0.70,LSTM
1995-06-16 12:00:00,2.00,2.16,0.81,0.70,LSTM
1995-07-26 15:00:00,1.33,1.62,0.81,0.70,LSTM
1995-06-06 03:00:00,1.33,2.01,0.81,0.70,LSTM
1995-06-22 06:00:00,1.67,1.52,0.82,0.70,LSTM
1995-07-20 21:00:00,0.67,1.73,0.84,0.70,LSTM
1995-06-11 21:00:00,0.67,1.11,0.81,0.70,LSTM
1995-06-28 09:00:00,2.67,1.51,0.81,0.70,LSTM
1995-07-03 15:00:00,1.67,2.29,0.86,0.70,LSTM
1995-07-09 12:00:00,2.33,1.47,0.83,0.70,LSTM
1995-07-15 15:00:00,1.67,1.53,0.83,0.70,LSTM
1995-06-16 15:00:00,4.00,2.10,0.83,0.70,LSTM
1995-07-26 18:00:00,1.67,0.95,0.81,0.70,LSTM
1995-06-06 06:00:00,1.67,1.90,0.82,0.70,LSTM
1995-06-22 09:00:00,2.67,1.51,0.81,0.70,LSTM
1995-07-21 00:00:00,0.67,1.92,0.82,0.70,LSTM
1995-06-12 00:00:00,0.67,1.40,0.81,0.70,LSTM
1995-06-28 12:00:00,2.67,2.35,0.81,0.70,LSTM
1995-07-03 18:00:00,3.33,2.12,0.89,0.70,LSTM
1995-07-09 15:00:00,1.67,2.00,0.82,0.70,LSTM
1995-07-15 18:00:00,1.67,1.29,0.82,0.70,LSTM
1995-06-16 18:00:00,2.00,2.59,0.82,0.70,LSTM
1995-07-26 21:00:00,1.33,1.35,0.82,0.70,LSTM
1995-06-06 09:00:00,2.33,2.17,0.81,0.70,LSTM
1995-06-22 12:00:00,2.00,1.45,0.82,0.70,LSTM
1995-07-21 03:00:00,1.33,1.50,0.81,0.70,LSTM
1995-06-12 03:00:00,1.00,0.75,0.81,0.70,LSTM
1995-06-28 15:00:00,2.67,1.72,0.81,0.70,LSTM
1995-07-03 21:00:00,2.67,2.15,0.82,0.70,LSTM
1995-07-09 18:00:00,0.67,2.23,0.82,0.70,LSTM
1995-07-15 21:00:00,1.33,0.99,0.87,0.70,LSTM
1995-06-16 21:00:00,2.00,2.71,0.81,0.70,LSTM
1995-07-27 00:00:00,2.00,1.38,0.82,0.70,LSTM
1995-06-06 12:00:00,1.33,2.39,0.82,0.70,LSTM
1995-06-22 15:00:00,1.33,1.78,0.81,0.70,LSTM
1995-07-21 06:00:00,1.67,1.59,0.86,0.70,LSTM
1995-06-12 06:00:00,1.00,0.79,0.81,0.70,LSTM
1995-06-28 18:00:00,3.67,1.97,0.81,0.70,LSTM
1995-07-04 00:00:00,2.33,3.58,0.84,0.70,LSTM
1995-07-09 21:00:00,0.33,1.25,0.81,0.70,LSTM
1995-07-16 00:00:00,0.67,0.96,0.84,0.70,LSTM
1995-06-17 00:00:00,1.33,1.96,0.82,0.70,LSTM
1995-07-27 03:00:00,1.33,1.16,0.81,0.70,LSTM
1995-06-06 15:00:00,2.00,1.99,0.82,0.70,LSTM
1995-06-22 18:00:00,1.67,1.80,0.82,0.70,LSTM
1995-07-21 09:00:00,1.67,1.76,0.82,0.70,LSTM
1995-06-12 09:00:00,0.67,0.84,0.81,0.70,LSTM
1995-06-28 21:00:00,1.33,2.13,0.82,0.70,LSTM
1995-07-04 03:00:00,1.33,2.97,0.82,0.70,LSTM
1995-07-10 00:00:00,0.33,0.79,0.81,0.70,LSTM
1995-07-10 03:00:00,-1.00,-1.00,-1.00,0.70,LSTM
1995-07-16 03:00:00,1.67,1.07,0.85,0.70,LSTM
1995-07-10 06:00:00,-1.00,-1.00,-1.00,0.70,LSTM
1995-06-17 03:00:00,1.33,2.16,0.82,0.70,LSTM
1995-07-27 06:00:00,0.67,1.15,0.81,0.70,LSTM
1995-06-06 18:00:00,1.67,1.45,0.81,0.70,LSTM
1995-07-21 12:00:00,1.67,1.90,0.81,0.70,LSTM
1995-06-22 21:00:00,1.67,1.23,0.81,0.70,LSTM
1995-06-12 12:00:00,1.00,0.83,0.85,0.70,LSTM
1995-07-04 06:00:00,0.67,1.91,0.82,0.70,LSTM
1995-06-29 00:00:00,1.00,2.33,0.81,0.70,LSTM
1995-07-16 06:00:00,1.67,0.99,0.82,0.70,LSTM
1995-07-10 09:00:00,0.67,0.27,0.81,0.70,LSTM
1995-06-17 06:00:00,1.67,2.76,0.85,0.70,LSTM
1995-07-27 09:00:00,0.67,1.06,0.81,0.70,LSTM
1995-07-27 12:00:00,-1.00,-1.00,-1.00,0.70,LSTM
1995-06-06 21:00:00,2.67,1.59,0.81,0.70,LSTM
1995-07-21 15:00:00,1.33,2.25,0.82,0.70,LSTM
1995-06-12 15:00:00,0.67,0.57,0.83,0.70,LSTM
1995-06-23 00:00:00,2.00,1.62,0.81,0.70,LSTM
1995-07-04 09:00:00,2.00,1.73,0.84,0.70,LSTM
1995-06-29 03:00:00,1.33,1.31,0.81,0.70,LSTM
1995-07-16 09:00:00,5.33,0.98,0.82,0.70,LSTM
1995-07-10 12:00:00,0.67,0.85,0.81,0.70,LSTM
1995-06-17 09:00:00,1.00,2.33,0.81,0.70,LSTM
1995-07-27 15:00:00,2.33,1.08,0.81,0.70,LSTM
1995-07-31 00:00:00,1.67,2.17,0.81,0.70,LSTM
1995-07-21 18:00:00,1.00,1.47,0.81,0.70,LSTM
1995-06-12 18:00:00,0.33,0.30,0.81,0.70,LSTM
1995-06-23 03:00:00,2.67,1.40,0.82,0.70,LSTM
1995-07-04 12:00:00,2.33,1.37,0.82,0.70,LSTM
1995-07-16 12:00:00,6.00,1.89,0.87,0.70,LSTM
1995-06-29 06:00:00,1.00,1.79,0.81,0.70,LSTM
1995-07-10 15:00:00,0.67,0.74,0.81,0.70,LSTM
1995-06-17 12:00:00,1.00,2.28,0.82,0.70,LSTM
1995-07-27 18:00:00,2.00,0.89,0.81,0.70,LSTM
1995-07-31 03:00:00,1.33,1.61,0.82,0.70,LSTM
1995-07-21 21:00:00,0.67,1.32,0.81,0.70,LSTM
1995-06-12 21:00:00,0.33,0.31,0.82,0.70,LSTM
1995-06-23 06:00:00,2.33,1.41,0.81,0.70,LSTM
1995-07-04 15:00:00,1.33,1.24,0.83,0.70,LSTM
1995-07-16 15:00:00,4.33,2.61,0.83,0.70,LSTM
1995-06-29 09:00:00,2.00,1.38,0.81,0.70,LSTM
1995-06-29 12:00:00,-1.00,-1.00,-1.00,0.70,LSTM
1995-06-29 15:00:00,-1.00,-1.00,-1.00,0.70,LSTM
1995-07-10 18:00:00,0.33,0.87,0.81,0.70,LSTM
1995-07-27 21:00:00,2.00,1.28,0.82,0.70,LSTM
1995-06-17 15:00:00,1.00,1.45,0.84,0.70,LSTM
1995-07-31 06:00:00,0.33,1.79,0.81,0.70,LSTM
1995-07-22 00:00:00,1.67,1.13,0.82,0.70,LSTM
1995-08-06 00:00:00,0.67,1.28,0.82,0.70,LSTM
1995-07-04 18:00:00,1.00,1.54,0.84,0.70,LSTM
1995-06-23 09:00:00,1.67,2.06,0.81,0.70,LSTM
1995-07-16 18:00:00,5.33,3.98,0.82,0.70,LSTM
1995-06-29 18:00:00,1.33,1.47,0.81,0.70,LSTM
1995-07-10 21:00:00,0.33,0.63,0.81,0.70,LSTM
1995-07-28 00:00:00,1.00,1.23,0.82,0.70,LSTM
1995-06-17 18:00:00,1.33,1.13,0.86,0.70,LSTM
1995-07-31 09:00:00,0.67,1.00,0.81,0.70,LSTM
1995-07-22 03:00:00,1.00,0.79,0.81,0.70,LSTM
1995-08-06 03:00:00,1.00,1.22,0.83,0.70,LSTM
1995-07-04 21:00:00,1.00,1.59,0.86,0.70,LSTM
1995-07-16 21:00:00,4.67,4.15,0.83,0.70,LSTM
1995-06-23 12:00:00,2.33,1.67,0.82,0.70,LSTM
1995-06-29 21:00:00,3.00,1.95,0.81,0.70,LSTM
1995-07-11 00:00:00,0.33,1.05,0.81,0.70,LSTM
1995-07-28 03:00:00,0.67,0.96,0.82,0.70,LSTM
1995-06-17 21:00:00,1.00,0.74,0.86,0.70,LSTM
1995-07-22 06:00:00,1.00,0.99,0.81,0.70,LSTM
1995-07-31 12:00:00,1.67,0.93,0.82,0.70,LSTM
1995-08-06 06:00:00,0.33,1.66,0.82,0.70,LSTM
1995-07-17 00:00:00,4.00,3.80,0.81,0.70,LSTM
1995-07-05 00:00:00,0.67,1.49,0.85,0.70,LSTM
1995-06-23 15:00:00,1.00,1.87,0.82,0.70,LSTM
1995-06-30 00:00:00,2.33,1.92,0.82,0.70,LSTM
1995-07-11 03:00:00,0.33,0.20,0.82,0.70,LSTM
1995-07-28 06:00:00,1.00,1.29,0.81,0.70,LSTM
1995-06-18 00:00:00,2.67,1.11,0.88,0.70,LSTM
1995-07-22 09:00:00,2.00,2.15,0.81,0.70,LSTM
1995-08-06 09:00:00,1.00,0.80,0.81,0.70,LSTM
1995-07-31 15:00:00,1.33,1.71,0.83,0.70,LSTM
1995-07-17 03:00:00,3.33,2.95,0.85,0.70,LSTM
1995-07-05 03:00:00,0.67,0.78,0.82,0.70,LSTM
1995-06-23 18:00:00,1.00,1.93,0.81,0.70,LSTM
1995-06-30 03:00:00,2.00,2.34,0.81,0.70,LSTM
1995-07-28 09:00:00,1.00,1.55,0.82,0.70,LSTM
1995-07-11 06:00:00,0.00,0.31,0.85,0.70,LSTM
1995-07-28 12:00:00,-1.00,-1.00,-1.00,0.70,LSTM
1995-06-18 03:00:00,4.67,1.03,0.89,0.70,LSTM
1995-07-22 12:00:00,2.00,2.72,0.82,0.70,LSTM
1995-08-06 12:00:00,0.67,-0.09,0.82,0.70,LSTM
1995-07-31 18:00:00,2.67,1.47,0.84,0.70,LSTM
1995-07-17 06:00:00,3.00,3.18,0.87,0.70,LSTM
1995-07-05 06:00:00,1.00,2.18,0.86,0.70,LSTM
1995-06-23 21:00:00,1.00,1.52,0.82,0.70,LSTM
1995-06-30 06:00:00,3.67,1.87,0.81,0.70,LSTM
1995-07-11 09:00:00,0.33,1.06,0.85,0.70,LSTM
1995-07-28 15:00:00,2.00,1.26,0.81,0.70,LSTM
1995-06-18 06:00:00,3.33,2.40,0.81,0.70,LSTM
1995-07-22 15:00:00,2.00,3.27,0.81,0.70,LSTM
1995-08-06 15:00:00,1.67,0.50,0.86,0.70,LSTM
1995-07-31 21:00:00,2.00,2.02,0.86,0.70,LSTM
1995-07-17 09:00:00,4.00,2.43,0.85,0.70,LSTM
1995-07-05 09:00:00,1.00,0.94,0.87,0.70,LSTM
1995-06-24 00:00:00,1.33,1.30,0.81,0.70,LSTM
1995-06-30 09:00:00,4.00,1.80,0.81,0.70,LSTM
1995-07-28 18:00:00,2.67,1.26,0.82,0.70,LSTM
1995-07-11 12:00:00,0.33,0.79,0.86,0.70,LSTM
1995-06-18 09:00:00,3.33,1.81,0.85,0.70,LSTM
1995-07-22 18:00:00,1.33,2.25,0.84,0.70,LSTM
1995-08-06 18:00:00,1.67,0.55,0.82,0.70,LSTM
1995-08-01 00:00:00,1.33,2.15,0.88,0.70,LSTM
1995-07-17 12:00:00,4.33,2.80,0.83,0.70,LSTM
1995-07-05 12:00:00,0.67,1.36,0.87,0.70,LSTM
1995-06-24 03:00:00,1.67,1.64,0.82,0.70,LSTM
1995-07-28 21:00:00,2.67,1.33,0.82,0.70,LSTM
1995-06-30 12:00:00,3.67,3.08,0.82,0.70,LSTM
1995-07-11 15:00:00,1.00,0.87,0.87,0.70,LSTM
1995-06-18 12:00:00,1.67,2.25,0.85,0.70,LSTM
1995-07-22 21:00:00,2.67,1.44,0.81,0.70,LSTM
1995-08-06 21:00:00,0.67,0.63,0.87,0.70,LSTM
1995-08-01 03:00:00,1.33,1.45,0.87,0.70,LSTM
1995-07-17 15:00:00,2.33,3.77,0.84,0.70,LSTM
1995-07-05 15:00:00,0.67,1.43,0.84,0.70,LSTM
1995-06-24 06:00:00,1.00,1.48,0.82,0.70,LSTM
1995-07-29 00:00:00,2.00,1.64,0.81,0.70,LSTM
1995-07-11 18:00:00,1.00,0.72,0.84,0.70,LSTM
1995-06-30 15:00:00,5.00,4.24,0.82,0.70,LSTM
1995-07-23 00:00:00,1.33,1.43,0.82,0.70,LSTM
1995-06-18 15:00:00,1.00,1.37,0.81,0.70,LSTM
1995-08-07 00:00:00,0.67,0.42,0.86,0.70,LSTM
1995-08-01 06:00:00,1.67,1.24,0.83,0.70,LSTM
1995-07-17 18:00:00,3.33,3.57,0.86,0.70,LSTM
1995-07-05 18:00:00,0.67,0.42,0.82,0.70,LSTM
1995-07-29 03:00:00,0.33,2.25,0.81,0.70,LSTM
1995-07-11 21:00:00,1.00,0.73,0.84,0.70,LSTM
1995-06-24 09:00:00,1.00,1.56,0.81,0.70,LSTM
1995-06-30 18:00:00,5.33,3.48,0.82,0.70,LSTM
1995-07-23 03:00:00,0.67,1.25,0.81,0.70,LSTM
1995-08-07 03:00:00,0.67,0.85,0.84,0.70,LSTM
1995-06-18 18:00:00,2.67,0.94,0.82,0.70,LSTM
1995-08-01 09:00:00,0.67,0.68,0.82,0.70,LSTM
1995-07-17 21:00:00,3.33,3.01,0.87,0.70,LSTM
1995-07-05 21:00:00,0.67,1.08,0.86,0.70,LSTM
1995-07-12 00:00:00,0.33,1.52,0.81,0.70,LSTM
1995-07-29 06:00:00,0.67,1.75,0.81,0.70,LSTM
1995-07-29 09:00:00,-1.00,-1.00,-1.00,0.70,LSTM
1995-06-24 12:00:00,1.00,1.25,0.81,0.70,LSTM
1995-06-30 21:00:00,5.00,3.13,0.81,0.70,LSTM
1995-07-23 06:00:00,0.67,1.36,0.82,0.70,LSTM
1995-08-07 06:00:00,2.33,0.85,0.81,0.70,LSTM
1995-06-18 21:00:00,3.00,1.74,0.84,0.70,LSTM
1995-08-01 12:00:00,0.67,1.62,0.83,0.70,LSTM
1995-07-18 00:00:00,2.00,3.07,0.87,0.70,LSTM
1995-07-06 00:00:00,0.33,0.95,0.82,0.70,LSTM
1995-07-12 03:00:00,0.00,1.55,0.84,0.70,LSTM
1995-07-29 12:00:00,2.00,1.31,0.81,0.70,LSTM
1995-07-29 15:00:00,-1.00,-1.00,-1.00,0.70,LSTM
1995-08-12 00:00:00,1.00,1.94,0.81,0.70,LSTM
1995-06-24 15:00:00,1.33,0.86,0.82,0.70,LSTM
1995-08-07 09:00:00,2.67,0.91,0.81,0.70,LSTM
1995-07-23 09:00:00,2.00,0.86,0.82,0.70,LSTM
1995-08-18 00:00:00,1.00,2.68,0.82,0.70,LSTM
1995-08-01 15:00:00,0.67,1.50,0.84,0.70,LSTM
1995-07-18 03:00:00,2.00,2.13,0.83,0.70,LSTM
1995-07-06 03:00:00,0.33,0.76,0.82,0.70,LSTM
1995-07-12 06:00:00,0.33,1.48,0.85,0.70,LSTM
1995-08-12 03:00:00,0.67,1.77,0.82,0.70,LSTM
1995-07-29 18:00:00,1.33,0.66,0.82,0.70,LSTM
1995-07-29 21:00:00,-1.00,-1.00,-1.00,0.70,LSTM
1995-06-24 18:00:00,1.00,1.53,0.82,0.70,LSTM
1995-08-07 12:00:00,2.00,1.84,0.81,0.70,LSTM
1995-08-18 03:00:00,0.67,2.29,0.82,0.70,LSTM
1995-07-23 12:00:00,2.33,1.30,0.88,0.70,LSTM
1995-08-01 18:00:00,0.33,0.85,0.84,0.70,LSTM
1995-07-18 06:00:00,2.33,2.40,0.83,0.70,LSTM
1995-07-06 06:00:00,0.67,-0.13,0.81,0.70,LSTM
1995-08-12 06:00:00,2.00,2.00,0.82,0.70,LSTM
1995-07-12 09:00:00,1.00,1.75,0.81,0.70,LSTM
1995-07-30 00:00:00,0.00,1.31,0.82,0.70,LSTM
1995-08-07 15:00:00,3.00,2.00,0.82,0.70,LSTM
1995-06-24 21:00:00,0.00,1.37,0.82,0.70,LSTM
1995-08-24 00:00:00,-1.00,-1.00,-1.00,0.70,LSTM
1995-08-18 06:00:00,1.00,1.79,0.82,0.70,LSTM
1995-08-01 21:00:00,1.00,1.23,0.88,0.70,LSTM
1995-07-23 15:00:00,2.33,1.83,0.87,0.70,LSTM
1995-07-18 09:00:00,3.33,1.42,0.81,0.70,LSTM
1995-07-06 09:00:00,0.33,0.36,0.81,0.70,LSTM
1995-08-12 09:00:00,2.33,1.57,0.82,0.70,LSTM
1995-07-30 03:00:00,0.33,1.46,0.82,0.70,LSTM
1995-07-30 06:00:00,-1.00,-1.00,-1.00,0.70,LSTM
1995-07-12 12:00:00,1.33,1.39,0.84,0.70,LSTM
1995-08-07 18:00:00,3.00,1.39,0.81,0.70,LSTM
1995-08-18 09:00:00,2.00,1.79,0.82,0.70,LSTM
1995-08-24 03:00:00,1.00,1.48,0.85,0.70,LSTM
1995-08-02 00:00:00,0.67,1.43,0.84,0.70,LSTM
1995-08-02 03:00:00,-1.00,-1.00,-1.00,0.70,LSTM
1995-08-02 06:00:00,-1.00,-1.00,-1.00,0.70,LSTM
1995-08-02 09:00:00,-1.00,-1.00,-1.00,0.70,LSTM
1995-08-02 12:00:00,-1.00,-1.00,-1.00,0.70,LSTM
1995-08-02 15:00:00,-1.00,-1.00,-1.00,0.70,LSTM
1995-08-02 18:00:00,-1.00,-1.00,-1.00,0.70,LSTM
1995-08-02 21:00:00,-1.00,-1.00,-1.00,0.70,LSTM
1995-07-23 18:00:00,1.67,2.70,0.88,0.70,LSTM
1995-07-18 12:00:00,1.67,1.99,0.81,0.70,LSTM
1995-07-06 12:00:00,0.67,0.72,0.81,0.70,LSTM
1995-08-12 12:00:00,1.00,1.52,0.81,0.70,LSTM
1995-07-12 15:00:00,1.00,1.30,0.83,0.70,LSTM
1995-07-30 09:00:00,1.33,0.94,0.81,0.70,LSTM
1995-08-07 21:00:00,4.33,1.48,0.81,0.70,LSTM
1995-08-18 12:00:00,2.00,1.47,0.82,0.70,LSTM
1995-08-24 06:00:00,1.33,1.36,0.87,0.70,LSTM
1995-08-03 00:00:00,1.67,1.96,0.88,0.70,LSTM
1995-07-23 21:00:00,3.00,2.50,0.84,0.70,LSTM
1995-07-18 15:00:00,2.67,1.80,0.82,0.70,LSTM
1995-07-06 15:00:00,0.67,0.48,0.82,0.70,LSTM
1995-08-12 15:00:00,1.67,1.91,0.82,0.70,LSTM
1995-07-30 12:00:00,1.67,1.98,0.81,0.70,LSTM
1995-07-12 18:00:00,1.67,1.91,0.84,0.70,LSTM
1995-08-24 09:00:00,2.33,1.35,0.88,0.70,LSTM
1995-08-08 00:00:00,4.00,-0.24,0.82,0.70,LSTM
1995-08-18 15:00:00,2.33,1.42,0.84,0.70,LSTM
1995-08-03 03:00:00,3.00,2.76,0.81,0.70,LSTM
1995-07-18 18:00:00,1.67,2.52,0.83,0.70,LSTM
1995-07-24 00:00:00,3.67,1.69,0.82,0.70,LSTM
1995-07-06 18:00:00,1.00,1.21,0.87,0.70,LSTM
1995-08-12 18:00:00,2.67,2.26,0.81,0.70,LSTM
1995-07-30 15:00:00,1.67,1.83,0.81,0.70,LSTM
1995-07-12 21:00:00,1.67,1.83,0.84,0.70,LSTM
1995-08-24 12:00:00,1.67,1.80,0.87,0.70,LSTM
1995-08-18 18:00:00,2.00,1.70,0.82,0.70,LSTM
1995-08-08 03:00:00,3.00,3.24,0.82,0.70,LSTM
1995-08-03 06:00:00,1.67,5.25,0.81,0.70,LSTM
1995-07-24 03:00:00,5.33,1.50,0.84,0.70,LSTM
1995-07-18 21:00:00,1.67,2.06,0.81,0.70,LSTM
1995-07-06 21:00:00,1.33,1.16,0.85,0.70,LSTM
1995-08-12 21:00:00,3.00,2.41,0.82,0.70,LSTM
1995-07-30 18:00:00,3.00,2.32,0.83,0.70,LSTM
1995-08-30 00:00:00,2.00,1.12,0.83,0.70,LSTM
1995-08-18 21:00:00,2.33,1.61,0.82,0.70,LSTM
1995-08-24 15:00:00,2.00,1.47,0.88,0.70,LSTM
1995-08-08 06:00:00,2.33,2.61,0.81,0.70,LSTM
1995-08-03 09:00:00,2.33,2.88,0.82,0.70,LSTM
1995-09-05 00:00:00,2.67,1.80,0.83,0.70,LSTM
1995-07-24 06:00:00,3.67,2.74,0.82,0.70,LSTM
1995-09-11 00:00:00,4.67,4.26,0.82,0.70,LSTM
1995-08-13 00:00:00,3.00,2.57,0.81,0.70,LSTM
1995-07-30 21:00:00,1.67,1.99,0.82,0.70,LSTM
1995-09-17 00:00:00,-1.00,-1.00,-1.00,0.70,LSTM
1995-08-30 03:00:00,1.33,1.38,0.81,0.70,LSTM
1995-08-24 18:00:00,2.33,2.30,0.87,0.70,LSTM
1995-08-19 00:00:00,1.33,1.48,0.82,0.70,LSTM
1995-08-08 09:00:00,2.33,3.06,0.82,0.70,LSTM
1995-08-03 12:00:00,2.00,2.08,0.82,0.70,LSTM
1995-07-24 09:00:00,3.67,4.60,0.81,0.70,LSTM
1995-09-05 03:00:00,2.67,2.04,0.85,0.70,LSTM
1995-09-11 03:00:00,3.33,4.05,0.82,0.70,LSTM
1995-08-13 03:00:00,2.33,2.68,0.82,0.70,LSTM
1995-09-17 03:00:00,1.00,1.15,0.88,0.70,LSTM
1995-08-30 06:00:00,0.67,1.27,0.83,0.70,LSTM
1995-08-19 03:00:00,3.00,1.67,0.84,0.70,LSTM
1995-08-24 21:00:00,3.33,1.59,0.89,0.70,LSTM
1995-08-08 12:00:00,2.00,2.27,0.82,0.70,LSTM
1995-08-03 15:00:00,1.67,1.30,0.84,0.70,LSTM
1995-07-24 12:00:00,2.33,3.54,0.81,0.70,LSTM
1995-09-05 06:00:00,4.00,2.08,0.85,0.70,LSTM
1995-09-11 06:00:00,3.00,3.40,0.81,0.70,LSTM
1995-08-13 06:00:00,1.67,2.72,0.82,0.70,LSTM
1995-09-17 06:00:00,1.33,1.44,0.86,0.70,LSTM
1995-08-30 09:00:00,1.00,1.95,0.84,0.70,LSTM
1995-08-25 00:00:00,4.00,1.87,0.89,0.70,LSTM
1995-08-19 06:00:00,1.33,1.71,0.87,0.70,LSTM
1995-08-08 15:00:00,5.00,2.29,0.82,0.70,LSTM
1995-08-03 18:00:00,1.33,1.13,0.82,0.70,LSTM
1995-07-24 15:00:00,4.33,2.60,0.81,0.70,LSTM
1995-09-05 09:00:00,5.33,2.55,0.82,0.70,LSTM
1995-09-11 09:00:00,3.00,2.92,0.82,0.70,LSTM
1995-08-13 09:00:00,2.00,1.51,0.81,0.70,LSTM
1995-08-30 12:00:00,0.67,1.35,0.85,0.70,LSTM
1995-09-17 09:00:00,1.67,1.69,0.87,0.70,LSTM
1995-09-17 12:00:00,-1.00,-1.00,-1.00,0.70,LSTM
1995-08-25 03:00:00,3.33,3.55,0.85,0.70,LSTM
1995-08-19 09:00:00,1.67,1.68,0.82,0.70,LSTM
1995-08-08 18:00:00,3.33,2.93,0.81,0.70,LSTM
1995-08-03 21:00:00,0.67,1.26,0.83,0.70,LSTM
1995-07-24 18:00:00,4.00,1.96,0.82,0.70,LSTM
1995-09-05 12:00:00,4.67,3.48,0.83,0.70,LSTM
1995-09-11 12:00:00,3.67,3.20,0.81,0.70,LSTM
1995-08-13 12:00:00,1.33,1.57,0.81,0.70,LSTM
1995-09-17 15:00:00,1.67,1.50,0.88,0.70,LSTM
1995-08-30 15:00:00,1.00,1.84,0.89,0.70,LSTM
1995-08-25 06:00:00,4.00,3.00,0.84,0.70,LSTM
1995-08-19 12:00:00,2.00,2.24,0.82,0.70,LSTM
1995-08-08 21:00:00,4.33,3.31,0.81,0.70,LSTM
1995-08-04 00:00:00,1.00,0.06,0.81,0.70,LSTM
1995-07-24 21:00:00,4.00,2.98,0.82,0.70,LSTM
1995-09-05 15:00:00,5.33,5.44,0.82,0.70,LSTM
1995-09-11 15:00:00,3.33,2.28,0.82,0.70,LSTM
1995-08-13 15:00:00,2.67,1.46,0.82,0.70,LSTM
1995-08-30 18:00:00,0.67,1.20,0.81,0.70,LSTM
1995-09-17 18:00:00,0.33,1.61,0.88,0.70,LSTM
1995-08-25 09:00:00,1.67,2.71,0.84,0.70,LSTM
1995-08-19 15:00:00,3.00,2.43,0.81,0.70,LSTM
1995-08-19 18:00:00,-1.00,-1.00,-1.00,0.70,LSTM
1995-08-09 00:00:00,3.67,4.86,0.81,0.70,LSTM
1995-08-04 03:00:00,1.33,1.14,0.82,0.70,LSTM
1995-09-23 00:00:00,3.00,2.67,0.81,0.70,LSTM
1995-09-05 18:00:00,5.33,5.52,0.82,0.70,LSTM
1995-09-11 18:00:00,3.33,2.82,0.81,0.70,LSTM
1995-08-13 18:00:00,4.00,1.71,0.81,0.70,LSTM
1995-08-30 21:00:00,0.67,1.21,0.84,0.70,LSTM
1995-08-25 12:00:00,2.00,1.52,0.85,0.70,LSTM
1995-09-17 21:00:00,0.33,1.26,0.82,0.70,LSTM
1995-08-25 15:00:00,-1.00,-1.00,-1.00,0.70,LSTM
1995-09-18 00:00:00,-1.00,-1.00,-1.00,0.70,LSTM
1995-09-18 03:00:00,-1.00,-1.00,-1.00,0.70,LSTM
1995-08-19 21:00:00,1.33,2.07,0.81,0.70,LSTM
1995-08-20 00:00:00,-1.00,-1.00,-1.00,0.70,LSTM
1995-08-20 03:00:00,-1.00,-1.00,-1.00,0.70,LSTM
1995-08-20 06:00:00,-1.00,-1.00,-1.00,0.70,LSTM
1995-08-20 09:00:00,-1.00,-1.00,-1.00,0.70,LSTM
1995-08-20 12:00:00,-1.00,-1.00,-1.00,0.70,LSTM
1995-08-20 15:00:00,-1.00,-1.00,-1.00,0.70,LSTM
1995-08-20 18:00:00,-1.00,-1.00,-1.00,0.70,LSTM
1995-08-09 03:00:00,3.00,3.37,0.81,0.70,LSTM
1995-08-04 06:00:00,0.67,1.46,0.84,0.70,LSTM
1995-09-23 03:00:00,0.67,2.10,0.81,0.70,LSTM
1995-09-11 21:00:00,2.33,3.53,0.84,0.70,LSTM
1995-09-05 21:00:00,5.67,5.56,0.82,0.70,LSTM
1995-08-13 21:00:00,4.67,1.89,0.81,0.70,LSTM
1995-08-31 00:00:00,0.67,0.88,0.84,0.70,LSTM
1995-08-25 18:00:00,2.67,1.06,0.83,0.70,LSTM
1995-09-18 06:00:00,1.00,0.42,0.81,0.70,LSTM
